timestamp,open,high,low,close,volume
1664244000000,6.61,6.825,6.2,6.353,560265.0
1664247600000,6.36,6.499,6.293,6.451,1585711.0
1664251200000,6.451,6.517,6.351,6.386,1152051.0
1664254800000,6.386,6.522,6.376,6.461,158586.0
1664258400000,6.464,6.479,6.335,6.385,145553.0
1664262000000,6.384,6.415,6.316,6.329,66669.0
1664265600000,6.328,6.361,6.301,6.327,90528.0
1664269200000,6.325,6.341,6.271,6.32,96632.0
1664272800000,6.321,6.345,6.304,6.318,39778.0
1664276400000,6.318,6.376,6.277,6.34,70104.0
1664280000000,6.333,6.366,6.307,6.312,62095.0
1664283600000,6.31,6.383,6.281,6.336,51497.0
1664287200000,6.337,6.422,6.292,6.382,94014.0
1664290800000,6.379,6.392,6.224,6.238,106592.0
1664294400000,6.237,6.285,5.962,6.069,267573.0
1664298000000,6.069,6.128,6.012,6.058,107076.0
1664301600000,6.059,6.14,6.001,6.113,74726.0
1664305200000,6.113,6.118,6.057,6.082,32494.0
1664308800000,6.086,6.106,6.034,6.093,41696.0
1664312400000,6.099,6.117,6.08,6.085,30504.0
1664316000000,6.093,6.14,6.048,6.127,55361.0
1664319600000,6.122,6.157,6.102,6.102,26612.0
1664323200000,6.108,6.154,6.065,6.108,75155.0
1664326800000,6.11,6.154,6.05,6.111,90087.0
1664330400000,6.118,6.122,5.901,5.988,157982.0
1664334000000,5.988,6.024,5.96,6.016,52394.0
1664337600000,6.014,6.015,5.886,5.931,156319.0
1664341200000,5.934,5.982,5.909,5.969,33431.0
1664344800000,5.969,5.989,5.908,5.925,82462.0
1664348400000,5.924,5.978,5.866,5.97,51256.0
1664352000000,5.971,5.981,5.901,5.93,91613.0
1664355600000,5.931,5.948,5.892,5.937,83329.0
1664359200000,5.935,6.016,5.89,5.994,91364.0
1664362800000,5.997,6.011,5.97,5.98,40395.0
1664366400000,5.981,6.012,5.941,5.981,78476.0
1664370000000,5.981,6.075,5.955,6.014,60021.0
1664373600000,6.013,6.067,5.982,6.028,74196.0
1664377200000,6.03,6.063,5.994,6.062,42070.0
1664380800000,6.059,6.095,6.002,6.008,60606.0
1664384400000,6.006,6.034,5.98,6.011,49084.0
1664388000000,6.011,6.045,6.001,6.045,47123.0
1664391600000,6.042,6.069,6.022,6.036,26488.0
1664395200000,6.04,6.107,6.031,6.082,67817.0
1664398800000,6.082,6.098,6.061,6.073,26915.0
1664402400000,6.066,6.086,6.046,6.065,24786.0
1664406000000,6.065,6.095,6.03,6.046,29972.0
1664409600000,6.041,6.101,5.992,6.011,74601.0
1664413200000,6.011,6.088,6.01,6.063,35138.0
1664416800000,6.064,6.08,6.003,6.027,34115.0
1664420400000,6.027,6.082,6.012,6.077,25633.0
1664424000000,6.075,6.095,6.054,6.075,38351.0
1664427600000,6.073,6.077,5.989,6.003,51653.0
1664431200000,6.003,6.01,5.967,5.998,45448.0
1664434800000,5.999,6.005,5.92,5.957,84247.0
1664438400000,5.957,5.978,5.934,5.959,58088.0
1664442000000,5.964,6.017,5.951,5.989,53449.0
1664445600000,5.991,6.016,5.983,5.995,32183.0
1664449200000,5.995,6.023,5.984,6.005,47368.0
1664452800000,6.002,6.022,5.955,5.972,91432.0
1664456400000,5.972,5.994,5.91,5.973,81909.0
1664460000000,5.975,6.011,5.91,5.996,79494.0
1664463600000,5.998,6.05,5.989,6.04,51298.0
1664467200000,6.04,6.124,5.96,6.112,124492.0
1664470800000,6.116,6.124,6.035,6.055,79880.0
1664474400000,6.057,6.118,6.042,6.073,49777.0
1664478000000,6.07,6.107,6.07,6.082,25192.0
1664481600000,6.083,6.124,6.083,6.123,36231.0
1664485200000,6.123,6.143,6.114,6.118,22383.0
1664488800000,6.116,6.141,6.076,6.083,26290.0
1664492400000,6.083,6.144,6.083,6.139,16404.0
1664496000000,6.14,6.206,6.107,6.163,97693.0
1664499600000,6.157,6.177,6.098,6.122,39753.0
1664503200000,6.122,6.134,6.066,6.097,33490.0
1664506800000,6.097,6.143,6.078,6.104,26763.0
1664510400000,6.105,6.15,6.099,6.129,27032.0
1664514000000,6.129,6.17,6.129,6.164,19990.0
1664517600000,6.16,6.177,6.123,6.136,47792.0
1664521200000,6.135,6.2,6.134,6.159,39294.0
1664524800000,6.158,6.236,6.158,6.23,75164.0
1664528400000,6.23,6.23,6.142,6.166,83397.0
1664532000000,6.158,6.167,6.09,6.095,55034.0
1664535600000,6.096,6.113,6.057,6.066,34184.0
1664539200000,6.066,6.12,6.02,6.063,105395.0
1664542800000,6.07,6.15,6.041,6.137,49866.0
1664546400000,6.141,6.174,6.095,6.167,75898.0
1664550000000,6.164,6.18,6.124,6.147,52844.0
1664553600000,6.147,6.185,6.131,6.141,36847.0
1664557200000,6.145,6.178,6.077,6.093,35448.0
1664560800000,6.094,6.146,6.081,6.11,48886.0
1664564400000,6.106,6.136,6.08,6.085,26800.0
1664568000000,6.082,6.119,6.06,6.074,17064.0
1664571600000,6.075,6.077,6.055,6.071,13287.0
1664575200000,6.066,6.069,6.04,6.051,16286.0
1664578800000,6.046,6.077,6.041,6.077,10219.0
1664582400000,6.079,6.147,6.067,6.121,49570.0
1664586000000,6.119,6.166,6.113,6.153,31226.0
1664589600000,6.152,6.165,6.141,6.145,14920.0
1664593200000,6.145,6.157,6.118,6.138,21120.0
1664596800000,6.133,6.141,6.102,6.121,17104.0
1664600400000,6.115,6.149,6.092,6.144,18636.0
1664604000000,6.143,6.165,6.116,6.138,18289.0
1664607600000,6.139,6.139,6.113,6.128,9768.0
1664611200000,6.131,6.151,6.099,6.122,33800.0
1664614800000,6.124,6.136,6.114,6.122,38769.0
1664618400000,6.126,6.139,6.115,6.128,18531.0
1664622000000,6.128,6.133,6.08,6.114,38642.0
1664625600000,6.115,6.116,6.08,6.113,29912.0
1664629200000,6.118,6.134,6.095,6.112,28696.0
1664632800000,6.114,6.121,6.069,6.091,42806.0
1664636400000,6.092,6.095,6.065,6.083,21595.0
1664640000000,6.088,6.093,6.031,6.05,30106.0
1664643600000,6.049,6.056,6.017,6.043,20104.0
1664647200000,6.049,6.065,6.009,6.059,30718.0
1664650800000,6.061,6.071,6.038,6.054,15046.0
1664654400000,6.055,6.061,6.005,6.047,24223.0
1664658000000,6.052,6.073,6.043,6.072,7025.0
1664661600000,6.072,6.085,6.061,6.076,13539.0
1664665200000,6.077,6.126,6.072,6.116,47501.0
1664668800000,6.12,6.132,6.083,6.095,55609.0
1664672400000,6.093,6.1,6.068,6.083,21637.0
1664676000000,6.083,6.124,6.081,6.121,18245.0
1664679600000,6.122,6.134,6.101,6.122,16433.0
1664683200000,6.122,6.126,6.106,6.121,12792.0
1664686800000,6.122,6.191,6.116,6.164,73721.0
1664690400000,6.157,6.179,6.15,6.15,26451.0
1664694000000,6.151,6.159,6.082,6.1,68969.0
1664697600000,6.099,6.125,6.087,6.102,27658.0
1664701200000,6.104,6.105,6.063,6.07,30261.0
1664704800000,6.07,6.081,5.941,5.977,103823.0
1664708400000,5.977,6.012,5.965,6.0,45051.0
1664712000000,6.0,6.026,5.986,5.996,30904.0
1664715600000,5.991,6.032,5.989,6.024,18484.0
1664719200000,6.024,6.024,5.929,5.954,45443.0
1664722800000,5.958,5.974,5.947,5.962,22951.0
1664726400000,5.967,6.0,5.962,5.978,26712.0
1664730000000,5.974,6.002,5.97,5.994,13535.0
1664733600000,5.991,6.002,5.976,5.98,17743.0
1664737200000,5.983,6.025,5.983,6.021,36559.0
1664740800000,6.018,6.021,6.003,6.003,16225.0
1664744400000,6.003,6.01,5.95,5.983,21813.0
1664748000000,5.981,6.003,5.937,5.949,28112.0
1664751600000,5.948,5.957,5.864,5.904,82046.0
1664755200000,5.904,5.929,5.834,5.916,79491.0
1664758800000,5.915,5.972,5.912,5.957,22003.0
1664762400000,5.961,5.98,5.929,5.931,24584.0
1664766000000,5.933,5.944,5.923,5.939,22875.0
1664769600000,5.941,5.951,5.9,5.909,37927.0
1664773200000,5.905,5.967,5.883,5.967,34352.0
1664776800000,5.968,5.985,5.929,5.935,34149.0
1664780400000,5.934,5.963,5.904,5.942,27621.0
1664784000000,5.945,5.959,5.934,5.952,18391.0
1664787600000,5.952,5.957,5.928,5.955,14582.0
1664791200000,5.955,5.971,5.944,5.96,28020.0
1664794800000,5.96,5.968,5.938,5.966,42315.0
1664798400000,5.966,6.011,5.961,6.005,88258.0
1664802000000,6.007,6.024,5.965,5.973,56398.0
1664805600000,5.975,6.069,5.97,6.063,128593.0
1664809200000,6.065,6.096,6.015,6.028,46886.0
1664812800000,6.028,6.062,6.02,6.04,29213.0
1664816400000,6.04,6.067,6.032,6.036,54295.0
1664820000000,6.036,6.099,6.035,6.068,63865.0
1664823600000,6.067,6.071,5.992,6.031,66910.0
1664827200000,6.04,6.077,6.034,6.074,27921.0
1664830800000,6.076,6.081,6.018,6.025,23979.0
1664834400000,6.028,6.043,6.018,6.022,18723.0
1664838000000,6.025,6.06,6.014,6.028,36543.0
1664841600000,6.024,6.061,6.008,6.013,37897.0
1664845200000,6.013,6.017,5.974,5.991,41440.0
1664848800000,5.99,6.005,5.985,5.995,30372.0
1664852400000,5.995,6.015,5.99,6.013,21967.0
1664856000000,6.013,6.056,6.007,6.034,43003.0
1664859600000,6.036,6.061,6.031,6.034,36240.0
1664863200000,6.03,6.127,6.028,6.089,77956.0
1664866800000,6.089,6.108,6.082,6.094,55664.0
1664870400000,6.094,6.133,6.083,6.097,82136.0
1664874000000,6.094,6.1,6.063,6.095,46839.0
1664877600000,6.093,6.118,6.068,6.09,64732.0
1664881200000,6.09,6.104,6.076,6.098,26849.0
1664884800000,6.099,6.128,6.093,6.123,31751.0
1664888400000,6.122,6.149,6.079,6.11,81480.0
1664892000000,6.11,6.136,6.056,6.093,68739.0
1664895600000,6.094,6.152,6.081,6.129,51869.0
1664899200000,6.134,6.157,6.113,6.128,62546.0
1664902800000,6.126,6.133,6.078,6.104,62356.0
1664906400000,6.104,6.13,6.104,6.124,38667.0
1664910000000,6.123,6.126,6.086,6.118,40034.0
1664913600000,6.119,6.189,6.113,6.157,110927.0
1664917200000,6.157,6.163,6.121,6.149,73559.0
1664920800000,6.149,6.173,6.116,6.172,33184.0
1664924400000,6.172,6.223,6.142,6.176,118326.0
1664928000000,6.177,6.183,6.119,6.136,52542.0
1664931600000,6.135,6.166,6.129,6.147,34322.0
1664935200000,6.148,6.162,6.098,6.114,70931.0
1664938800000,6.114,6.127,6.093,6.106,35060.0
1664942400000,6.107,6.126,6.085,6.1,24461.0
1664946000000,6.101,6.135,6.097,6.132,32506.0
1664949600000,6.134,6.144,6.104,6.124,41572.0
1664953200000,6.126,6.14,6.114,6.124,38092.0
1664956800000,6.12,6.121,5.996,6.04,148876.0
1664960400000,6.039,6.069,6.03,6.057,51458.0
1664964000000,6.056,6.065,6.022,6.053,69050.0
1664967600000,6.053,6.055,5.928,5.962,179253.0
1664971200000,5.962,5.989,5.93,5.961,114729.0
1664974800000,5.964,5.982,5.932,5.98,140388.0
1664978400000,5.979,5.979,5.89,5.935,194459.0
1664982000000,5.938,5.98,5.92,5.965,118004.0
1664985600000,5.97,6.026,5.958,6.006,103920.0
1664989200000,6.005,6.022,5.974,5.992,59104.0
1664992800000,5.993,6.016,5.98,6.011,41619.0
1664996400000,6.012,6.035,6.007,6.021,59869.0
1665000000000,6.021,6.023,6.002,6.017,35346.0
1665003600000,6.017,6.022,6.001,6.011,21906.0
1665007200000,6.01,6.052,6.003,6.04,23598.0
1665010800000,6.04,6.044,6.002,6.022,42242.0
1665014400000,6.022,6.064,6.021,6.031,62094.0
1665018000000,6.033,6.086,6.033,6.082,41971.0
1665021600000,6.086,6.1,6.068,6.083,41178.0
1665025200000,6.081,6.15,6.078,6.114,90979.0
1665028800000,6.114,6.148,6.096,6.096,51391.0
1665032400000,6.101,6.127,6.088,6.119,33156.0
1665036000000,6.119,6.119,6.045,6.046,55959.0
1665039600000,6.047,6.067,6.031,6.059,32449.0
1665043200000,6.059,6.085,6.009,6.036,63661.0
1665046800000,6.035,6.049,6.031,6.032,28607.0
1665050400000,6.034,6.045,6.02,6.033,20253.0
1665054000000,6.031,6.057,6.016,6.054,41479.0
1665057600000,6.053,6.079,6.038,6.06,51016.0
1665061200000,6.059,6.08,6.02,6.037,70845.0
1665064800000,6.03,6.062,5.976,6.044,93859.0
1665068400000,6.046,6.046,6.008,6.014,54024.0
1665072000000,6.013,6.043,5.991,6.032,35446.0
1665075600000,6.033,6.077,6.024,6.06,30322.0
1665079200000,6.058,6.058,6.015,6.031,44593.0
1665082800000,6.03,6.055,6.013,6.051,39207.0
1665086400000,6.05,6.05,6.002,6.008,30079.0
1665090000000,6.008,6.017,5.99,5.993,32988.0
1665093600000,5.997,5.997,5.955,5.957,57218.0
1665097200000,5.958,5.98,5.951,5.973,48989.0
1665100800000,5.972,6.011,5.972,5.995,39039.0
1665104400000,5.994,5.995,5.972,5.979,21087.0
1665108000000,5.983,5.994,5.962,5.987,17358.0
1665111600000,5.988,5.996,5.979,5.984,18682.0
1665115200000,5.985,5.996,5.978,5.982,17322.0
1665118800000,5.983,6.005,5.971,6.001,19775.0
1665122400000,6.001,6.003,5.945,5.964,47616.0
1665126000000,5.966,5.982,5.958,5.974,33185.0
1665129600000,5.975,5.994,5.972,5.985,34494.0
1665133200000,5.984,6.005,5.981,5.997,17630.0
1665136800000,5.997,5.997,5.967,5.989,33011.0
1665140400000,5.989,6.001,5.98,5.994,16340.0
1665144000000,5.996,6.002,5.896,5.93,164725.0
1665147600000,5.93,5.956,5.896,5.948,80526.0
1665151200000,5.947,5.971,5.939,5.962,40637.0
1665154800000,5.962,5.969,5.94,5.949,31353.0
1665158400000,5.945,5.953,5.891,5.907,63066.0
1665162000000,5.907,5.94,5.904,5.926,70176.0
1665165600000,5.927,5.933,5.916,5.927,27613.0
1665169200000,5.929,5.938,5.915,5.93,21397.0
1665172800000,5.931,5.944,5.918,5.934,18315.0
1665176400000,5.937,5.948,5.932,5.946,9004.0
1665180000000,5.947,5.959,5.941,5.949,19203.0
1665183600000,5.949,5.957,5.945,5.946,10827.0
1665187200000,5.948,5.978,5.946,5.966,31393.0
1665190800000,5.967,5.972,5.955,5.96,6032.0
1665194400000,5.964,5.974,5.938,5.951,16601.0
1665198000000,5.953,5.953,5.939,5.942,14122.0
1665201600000,5.947,5.948,5.916,5.928,22733.0
1665205200000,5.928,5.935,5.915,5.932,16619.0
1665208800000,5.934,5.949,5.921,5.942,22195.0
1665212400000,5.944,5.949,5.911,5.919,22574.0
1665216000000,5.923,5.938,5.917,5.917,22670.0
1665219600000,5.918,5.932,5.915,5.926,13443.0
1665223200000,5.928,5.933,5.908,5.917,19536.0
1665226800000,5.918,5.93,5.912,5.929,12260.0
1665230400000,5.93,5.944,5.921,5.939,41458.0
1665234000000,5.94,5.944,5.922,5.927,14776.0
1665237600000,5.934,5.938,5.86,5.886,100637.0
1665241200000,5.884,5.891,5.874,5.883,22754.0
1665244800000,5.887,5.915,5.875,5.914,28335.0
1665248400000,5.914,5.924,5.901,5.911,24860.0
1665252000000,5.911,5.912,5.9,5.906,18246.0
1665255600000,5.908,5.911,5.886,5.897,11831.0
1665259200000,5.898,5.903,5.877,5.888,17425.0
1665262800000,5.888,5.888,5.84,5.856,52156.0
1665266400000,5.856,5.863,5.813,5.853,77233.0
1665270000000,5.854,5.859,5.781,5.812,74333.0
1665273600000,5.812,5.834,5.8,5.805,31749.0
1665277200000,5.806,5.813,5.8,5.809,21861.0
1665280800000,5.812,5.84,5.802,5.82,63648.0
1665284400000,5.819,5.82,5.801,5.807,16423.0
1665288000000,5.807,5.826,5.804,5.821,16136.0
1665291600000,5.823,5.847,5.822,5.841,15809.0
1665295200000,5.841,5.881,5.84,5.864,29244.0
1665298800000,5.864,5.87,5.837,5.842,19547.0
1665302400000,5.844,5.854,5.827,5.836,25953.0
1665306000000,5.836,5.843,5.824,5.829,16542.0
1665309600000,5.827,5.859,5.824,5.846,25122.0
1665313200000,5.848,5.863,5.846,5.857,28425.0
1665316800000,5.857,5.881,5.85,5.871,28273.0
1665320400000,5.872,5.875,5.855,5.855,28873.0
1665324000000,5.862,5.891,5.851,5.883,26990.0
1665327600000,5.885,5.895,5.879,5.885,23486.0
1665331200000,5.886,5.902,5.88,5.891,27288.0
1665334800000,5.893,5.893,5.858,5.866,40797.0
1665338400000,5.867,5.879,5.862,5.879,10476.0
1665342000000,5.878,5.883,5.829,5.856,36262.0
1665345600000,5.856,5.86,5.843,5.848,11056.0
1665349200000,5.853,5.864,5.843,5.859,10022.0
1665352800000,5.86,5.86,5.83,5.839,17075.0
1665356400000,5.838,5.862,5.824,5.856,15674.0
1665360000000,5.856,5.893,5.841,5.885,27381.0
1665363600000,5.885,5.908,5.885,5.892,34475.0
1665367200000,5.893,5.906,5.871,5.879,17802.0
1665370800000,5.88,5.891,5.862,5.874,18037.0
1665374400000,5.874,5.874,5.733,5.819,201317.0
1665378000000,5.818,5.831,5.777,5.791,63623.0
1665381600000,5.794,5.81,5.756,5.774,49598.0
1665385200000,5.776,5.805,5.773,5.792,32614.0
1665388800000,5.792,5.793,5.655,5.713,188355.0
1665392400000,5.714,5.751,5.711,5.751,38854.0
1665396000000,5.752,5.774,5.73,5.73,73630.0
1665399600000,5.73,5.767,5.73,5.744,28548.0
1665403200000,5.744,5.775,5.739,5.764,30945.0
1665406800000,5.763,5.78,5.724,5.74,36904.0
1665410400000,5.74,5.77,5.675,5.681,60263.0
1665414000000,5.681,5.681,5.55,5.663,315785.0
1665417600000,5.662,5.681,5.624,5.627,78680.0
1665421200000,5.627,5.667,5.543,5.616,155454.0
1665424800000,5.614,5.646,5.614,5.633,45522.0
1665428400000,5.634,5.64,5.617,5.627,24562.0
1665432000000,5.622,5.634,5.614,5.621,12279.0
1665435600000,5.622,5.638,5.597,5.604,17424.0
1665439200000,5.605,5.609,5.239,5.383,461576.0
1665442800000,5.383,5.419,5.25,5.311,242469.0
1665446400000,5.31,5.32,5.2,5.288,335820.0
1665450000000,5.288,5.307,5.209,5.261,113378.0
1665453600000,5.261,5.309,5.207,5.269,98110.0
1665457200000,5.27,5.289,5.257,5.277,46190.0
1665460800000,5.275,5.311,5.268,5.299,41405.0
1665464400000,5.302,5.332,5.278,5.278,65487.0
1665468000000,5.278,5.355,5.276,5.328,67563.0
1665471600000,5.331,5.348,5.302,5.323,30793.0
1665475200000,5.323,5.337,5.312,5.319,31054.0
1665478800000,5.319,5.327,5.276,5.29,46469.0
1665482400000,5.292,5.302,5.27,5.288,30775.0
1665486000000,5.286,5.329,5.28,5.325,43677.0
1665489600000,5.327,5.38,5.313,5.327,109560.0
1665493200000,5.327,5.339,5.275,5.282,45687.0
1665496800000,5.283,5.336,5.228,5.318,117388.0
1665500400000,5.313,5.366,5.312,5.345,61983.0
1665504000000,5.346,5.374,5.323,5.357,77375.0
1665507600000,5.36,5.364,5.308,5.32,33817.0
1665511200000,5.317,5.321,5.252,5.26,46512.0
1665514800000,5.26,5.287,5.242,5.258,85371.0
1665518400000,5.259,5.283,5.254,5.265,27875.0
1665522000000,5.265,5.283,5.247,5.265,33560.0
1665525600000,5.26,5.278,5.243,5.276,20430.0
1665529200000,5.272,5.281,5.197,5.231,77828.0
1665532800000,5.231,5.297,5.22,5.267,82213.0
1665536400000,5.267,5.277,5.243,5.251,28927.0
1665540000000,5.247,5.252,5.223,5.243,16972.0
1665543600000,5.246,5.264,5.226,5.231,19010.0
1665547200000,5.227,5.282,5.226,5.265,34893.0
1665550800000,5.265,5.283,5.249,5.281,24972.0
1665554400000,5.279,5.307,5.258,5.268,49163.0
1665558000000,5.267,5.322,5.248,5.285,137912.0
1665561600000,5.285,5.298,5.265,5.29,31820.0
1665565200000,5.29,5.322,5.255,5.275,82989.0
1665568800000,5.273,5.314,5.251,5.299,105472.0
1665572400000,5.297,5.307,5.269,5.272,46693.0
1665576000000,5.27,5.287,4.7,5.184,676086.0
1665579600000,5.184,5.242,5.171,5.198,170341.0
1665583200000,5.197,5.2,5.129,5.17,102692.0
1665586800000,5.171,5.206,5.169,5.195,35804.0
1665590400000,5.194,5.195,4.997,5.035,512127.0
1665594000000,5.034,5.061,5.008,5.056,222007.0
1665597600000,5.057,5.087,5.038,5.053,122162.0
1665601200000,5.053,5.075,5.04,5.057,67645.0
1665604800000,5.057,5.07,5.003,5.053,130764.0
1665608400000,5.052,5.085,5.018,5.036,168454.0
1665612000000,5.036,5.073,5.031,5.06,60726.0
1665615600000,5.063,5.07,5.044,5.063,44505.0
1665619200000,5.066,5.107,5.063,5.08,96866.0
1665622800000,5.079,5.084,4.929,4.986,229541.0
1665626400000,4.983,4.995,4.81,4.929,316273.0
1665630000000,4.928,4.96,4.924,4.954,73988.0
1665633600000,4.955,4.964,4.932,4.944,75778.0
1665637200000,4.944,4.955,4.91,4.943,70391.0
1665640800000,4.942,4.942,4.83,4.868,231826.0
1665644400000,4.863,4.866,4.679,4.796,375777.0
1665648000000,4.792,4.841,4.752,4.816,120076.0
1665651600000,4.818,4.835,4.797,4.808,79823.0
1665655200000,4.81,4.814,4.662,4.756,271437.0
1665658800000,4.754,4.886,4.747,4.845,161607.0
1665662400000,4.846,4.953,4.68,4.868,355367.0
1665666000000,4.871,4.918,4.822,4.901,130089.0
1665669600000,4.901,4.918,4.85,4.858,93533.0
1665673200000,4.859,4.995,4.854,4.982,182802.0
1665676800000,4.978,5.032,4.953,4.999,121834.0
1665680400000,4.998,5.04,4.989,5.012,73621.0
1665684000000,5.013,5.069,4.996,5.057,62591.0
1665687600000,5.057,5.101,5.039,5.083,87923.0
1665691200000,5.083,5.116,5.067,5.076,79073.0
1665694800000,5.076,5.129,5.074,5.12,84583.0
1665698400000,5.12,5.122,5.076,5.085,46650.0
1665702000000,5.084,5.09,5.017,5.026,69179.0
1665705600000,5.028,5.067,5.002,5.066,47655.0
1665709200000,5.065,5.262,5.063,5.229,154339.0
1665712800000,5.23,5.235,5.106,5.157,245310.0
1665716400000,5.158,5.186,5.142,5.149,53366.0
1665720000000,5.148,5.179,5.146,5.172,47019.0
1665723600000,5.173,5.181,5.147,5.166,63062.0
1665727200000,5.166,5.166,5.141,5.144,42330.0
1665730800000,5.144,5.146,5.098,5.104,93628.0
1665734400000,5.106,5.124,5.085,5.099,44750.0
1665738000000,5.097,5.133,5.076,5.126,56192.0
1665741600000,5.125,5.163,5.099,5.141,86388.0
1665745200000,5.141,5.141,5.077,5.081,45951.0
1665748800000,5.08,5.174,5.08,5.169,79211.0
1665752400000,5.165,5.18,5.12,5.125,47356.0
1665756000000,5.124,5.124,4.964,5.027,212263.0
1665759600000,5.026,5.035,4.963,4.979,55953.0
1665763200000,4.982,4.984,4.908,4.933,90509.0
1665766800000,4.934,4.991,4.921,4.988,62949.0
1665770400000,4.987,4.988,4.927,4.949,62224.0
1665774000000,4.946,4.983,4.933,4.954,34674.0
1665777600000,4.954,4.96,4.917,4.92,60478.0
1665781200000,4.92,4.932,4.803,4.812,201767.0
1665784800000,4.812,4.837,4.768,4.808,120911.0
1665788400000,4.804,4.87,4.802,4.851,120858.0
1665792000000,4.852,4.882,4.811,4.831,83836.0
1665795600000,4.831,4.834,4.802,4.81,99318.0
1665799200000,4.811,4.834,4.786,4.806,105310.0
1665802800000,4.806,4.863,4.805,4.858,59459.0
1665806400000,4.858,4.899,4.853,4.894,144502.0
1665810000000,4.894,4.896,4.861,4.883,70055.0
1665813600000,4.883,4.89,4.86,4.874,44333.0
1665817200000,4.873,4.887,4.857,4.885,42885.0
1665820800000,4.887,4.888,4.813,4.821,123443.0
1665824400000,4.824,4.879,4.818,4.849,82740.0
1665828000000,4.849,4.865,4.842,4.864,47784.0
1665831600000,4.865,4.935,4.86,4.933,95994.0
1665835200000,4.931,5.024,4.913,5.015,203271.0
1665838800000,5.017,5.029,4.966,4.984,182785.0
1665842400000,4.989,5.021,4.974,5.014,67646.0
1665846000000,5.014,5.03,4.979,4.998,81676.0
1665849600000,4.998,5.023,4.968,4.985,60227.0
1665853200000,4.984,5.002,4.952,4.956,66812.0
1665856800000,4.958,4.969,4.927,4.958,56852.0
1665860400000,4.96,5.007,4.941,5.003,41900.0
1665864000000,5.001,5.001,4.952,4.976,49811.0
1665867600000,4.976,4.979,4.935,4.937,31282.0
1665871200000,4.937,4.95,4.913,4.917,50281.0
1665874800000,4.917,4.959,4.88,4.92,113742.0
1665878400000,4.92,4.998,4.918,4.976,65930.0
1665882000000,4.978,4.984,4.943,4.97,37679.0
1665885600000,4.97,4.98,4.922,4.927,59049.0
1665889200000,4.925,4.957,4.925,4.944,38142.0
1665892800000,4.947,4.97,4.943,4.957,35139.0
1665896400000,4.96,4.983,4.956,4.961,33968.0
1665900000000,4.962,4.983,4.931,4.938,40596.0
1665903600000,4.938,4.942,4.914,4.936,46370.0
1665907200000,4.936,4.989,4.935,4.97,63349.0
1665910800000,4.973,4.987,4.947,4.95,55319.0
1665914400000,4.95,4.961,4.924,4.952,63551.0
1665918000000,4.954,5.14,4.942,5.088,646666.0
1665921600000,5.09,5.093,4.995,5.031,388676.0
1665925200000,5.032,5.032,4.997,4.999,92830.0
1665928800000,5.001,5.005,4.977,4.989,110181.0
1665932400000,4.989,5.012,4.982,4.985,56201.0
1665936000000,4.984,5.0,4.934,4.953,113432.0
1665939600000,4.954,4.96,4.931,4.946,61382.0
1665943200000,4.946,4.948,4.915,4.937,56795.0
1665946800000,4.935,5.038,4.933,5.033,119945.0
1665950400000,5.034,5.05,4.98,4.996,102320.0
1665954000000,4.997,5.025,4.956,4.959,47278.0
1665957600000,4.959,5.052,4.941,5.028,62891.0
1665961200000,5.029,5.03,4.973,4.98,42079.0
1665964800000,4.981,5.01,4.941,4.983,84530.0
1665968400000,4.984,5.013,4.962,4.968,45101.0
1665972000000,4.967,5.01,4.961,4.999,31709.0
1665975600000,4.999,5.003,4.978,4.989,29359.0
1665979200000,4.991,5.021,4.987,5.014,27168.0
1665982800000,5.014,5.042,5.013,5.027,49027.0
1665986400000,5.027,5.125,5.027,5.064,171749.0
1665990000000,5.064,5.098,5.021,5.065,125689.0
1665993600000,5.065,5.072,5.025,5.037,70078.0
1665997200000,5.038,5.086,5.03,5.076,76108.0
1666000800000,5.076,5.089,5.055,5.07,66298.0
1666004400000,5.072,5.104,5.054,5.075,82216.0
1666008000000,5.073,5.098,5.048,5.069,73888.0
1666011600000,5.071,5.132,5.071,5.104,111920.0
1666015200000,5.104,5.154,5.07,5.075,147479.0
1666018800000,5.076,5.087,5.037,5.07,117093.0
1666022400000,5.072,5.091,5.041,5.058,97723.0
1666026000000,5.056,5.089,5.049,5.073,48752.0
1666029600000,5.073,5.073,5.013,5.044,54966.0
1666033200000,5.043,5.061,5.025,5.055,66026.0
1666036800000,5.056,5.078,5.047,5.055,35045.0
1666040400000,5.053,5.071,5.041,5.066,24865.0
1666044000000,5.065,5.092,5.043,5.071,44515.0
1666047600000,5.069,5.096,5.065,5.076,33222.0
1666051200000,5.075,5.135,5.073,5.098,75363.0
1666054800000,5.101,5.118,5.004,5.034,116133.0
1666058400000,5.033,5.06,5.019,5.036,44188.0
1666062000000,5.035,5.099,5.034,5.08,58091.0
1666065600000,5.08,5.114,5.08,5.083,60911.0
1666069200000,5.083,5.098,5.058,5.078,51354.0
1666072800000,5.079,5.12,5.077,5.104,66090.0
1666076400000,5.104,5.104,5.067,5.086,54275.0
1666080000000,5.085,5.088,4.979,4.994,227755.0
1666083600000,4.991,5.006,4.92,4.976,244204.0
1666087200000,4.976,5.025,4.971,5.002,129618.0
1666090800000,5.004,5.037,5.001,5.012,65550.0
1666094400000,5.014,5.042,5.0,5.029,84702.0
1666098000000,5.03,5.036,4.952,4.966,136788.0
1666101600000,4.966,4.984,4.881,4.945,181347.0
1666105200000,4.945,4.953,4.899,4.947,191112.0
1666108800000,4.947,4.968,4.928,4.936,87784.0
1666112400000,4.937,4.968,4.912,4.942,98011.0
1666116000000,4.942,4.961,4.851,4.864,213715.0
1666119600000,4.863,4.906,4.836,4.905,164077.0
1666123200000,4.904,4.981,4.9,4.952,107530.0
1666126800000,4.952,4.958,4.929,4.95,37087.0
1666130400000,4.948,4.95,4.927,4.948,36582.0
1666134000000,4.948,4.963,4.923,4.946,70455.0
1666137600000,4.945,4.978,4.892,4.898,135584.0
1666141200000,4.897,4.942,4.891,4.931,102063.0
1666144800000,4.93,4.931,4.829,4.862,132307.0
1666148400000,4.861,4.895,4.85,4.879,57861.0
1666152000000,4.88,4.891,4.87,4.881,34906.0
1666155600000,4.88,4.898,4.863,4.871,37381.0
1666159200000,4.87,4.881,4.82,4.846,78804.0
1666162800000,4.845,4.881,4.82,4.877,55251.0
1666166400000,4.877,4.886,4.843,4.882,66459.0
1666170000000,4.881,4.907,4.874,4.9,43258.0
1666173600000,4.902,4.908,4.87,4.877,48206.0
1666177200000,4.879,4.879,4.835,4.877,48252.0
1666180800000,4.875,4.876,4.833,4.87,70814.0
1666184400000,4.87,4.897,4.844,4.856,103127.0
1666188000000,4.855,4.915,4.847,4.886,78661.0
1666191600000,4.887,4.957,4.882,4.949,184054.0
1666195200000,4.948,4.952,4.902,4.919,145367.0
1666198800000,4.919,4.934,4.897,4.927,72223.0
1666202400000,4.926,4.95,4.926,4.947,79224.0
1666206000000,4.945,4.998,4.935,4.998,176761.0
1666209600000,4.998,4.998,4.941,4.96,128166.0
1666213200000,4.96,4.961,4.93,4.941,35651.0
1666216800000,4.941,4.953,4.777,4.808,248650.0
1666220400000,4.807,4.846,4.78,4.809,181198.0
1666224000000,4.808,4.856,4.772,4.798,207076.0
1666227600000,4.796,4.849,4.772,4.837,192754.0
1666231200000,4.838,4.872,4.822,4.855,106926.0
1666234800000,4.853,4.868,4.829,4.854,122824.0
1666238400000,4.854,4.914,4.84,4.914,184005.0
1666242000000,4.914,4.931,4.897,4.905,143215.0
1666245600000,4.906,4.93,4.89,4.921,143798.0
1666249200000,4.92,4.945,4.898,4.922,149503.0
1666252800000,4.926,4.935,4.904,4.913,87892.0
1666256400000,4.913,4.919,4.88,4.901,108886.0
1666260000000,4.899,4.93,4.88,4.916,96791.0
1666263600000,4.918,4.929,4.897,4.914,86605.0
1666267200000,4.912,4.932,4.875,4.875,92140.0
1666270800000,4.875,4.918,4.872,4.906,57929.0
1666274400000,4.906,4.961,4.903,4.93,118349.0
1666278000000,4.929,4.962,4.911,4.913,108789.0
1666281600000,4.913,4.913,4.872,4.886,121571.0
1666285200000,4.889,4.901,4.868,4.875,93128.0
1666288800000,4.874,4.876,4.823,4.832,164936.0
1666292400000,4.833,4.856,4.801,4.852,111967.0
1666296000000,4.852,4.855,4.776,4.799,146119.0
1666299600000,4.796,4.835,4.78,4.822,104743.0
1666303200000,4.821,4.846,4.795,4.819,71350.0
1666306800000,4.819,4.836,4.783,4.82,110630.0
1666310400000,4.819,4.831,4.709,4.792,255559.0
1666314000000,4.792,4.81,4.771,4.808,117226.0
1666317600000,4.807,4.836,4.798,4.814,77992.0
1666321200000,4.815,4.846,4.812,4.818,67210.0
1666324800000,4.818,4.827,4.802,4.81,45944.0
1666328400000,4.813,4.841,4.793,4.821,94453.0
1666332000000,4.821,4.827,4.783,4.79,112558.0
1666335600000,4.79,4.823,4.756,4.778,171101.0
1666339200000,4.778,4.779,4.663,4.715,294622.0
1666342800000,4.717,4.76,4.692,4.752,127976.0
1666346400000,4.751,4.762,4.73,4.751,84434.0
1666350000000,4.752,4.785,4.721,4.732,125216.0
1666353600000,4.731,4.745,4.617,4.734,337699.0
1666357200000,4.735,4.803,4.728,4.798,208871.0
1666360800000,4.801,4.81,4.75,4.764,175035.0
1666364400000,4.763,4.838,4.759,4.834,134393.0
1666368000000,4.831,4.88,4.827,4.863,146728.0
1666371600000,4.863,4.895,4.851,4.89,143718.0
1666375200000,4.89,4.931,4.878,4.89,154538.0
1666378800000,4.893,4.932,4.89,4.912,112340.0
1666382400000,4.915,4.941,4.887,4.901,120184.0
1666386000000,4.901,4.902,4.864,4.882,100058.0
1666389600000,4.882,4.898,4.871,4.895,112964.0
1666393200000,4.896,4.901,4.872,4.898,91254.0
1666396800000,4.896,4.906,4.873,4.901,59227.0
1666400400000,4.901,4.904,4.851,4.855,81407.0
1666404000000,4.855,4.856,4.82,4.837,92789.0
1666407600000,4.837,4.858,4.835,4.855,66727.0
1666411200000,4.855,4.868,4.846,4.86,52611.0
1666414800000,4.86,4.861,4.84,4.854,27874.0
1666418400000,4.855,4.891,4.852,4.866,109446.0
1666422000000,4.867,4.883,4.852,4.861,57793.0
1666425600000,4.862,4.91,4.861,4.897,120527.0
1666429200000,4.896,4.916,4.883,4.898,121683.0
1666432800000,4.898,4.913,4.88,4.908,92528.0
1666436400000,4.908,4.916,4.876,4.889,168205.0
1666440000000,4.889,4.91,4.877,4.904,55901.0
1666443600000,4.903,4.961,4.894,4.903,216884.0
1666447200000,4.904,4.922,4.9,4.91,45051.0
1666450800000,4.912,4.918,4.87,4.895,93631.0
1666454400000,4.895,4.899,4.86,4.873,46742.0
1666458000000,4.873,4.88,4.85,4.854,103596.0
1666461600000,4.854,4.879,4.846,4.861,107382.0
1666465200000,4.86,4.883,4.856,4.868,83275.0
1666468800000,4.867,4.915,4.852,4.91,135308.0
1666472400000,4.91,4.925,4.885,4.886,141570.0
1666476000000,4.886,4.91,4.881,4.901,49447.0
1666479600000,4.901,4.917,4.879,4.907,114377.0
1666483200000,4.908,4.917,4.875,4.917,91711.0
1666486800000,4.917,4.925,4.871,4.898,110735.0
1666490400000,4.899,4.957,4.899,4.937,191112.0
1666494000000,4.939,4.954,4.918,4.93,128343.0
1666497600000,4.929,4.956,4.922,4.931,103003.0
1666501200000,4.932,4.939,4.907,4.916,68285.0
1666504800000,4.911,4.928,4.886,4.901,126429.0
1666508400000,4.902,4.903,4.87,4.871,68135.0
1666512000000,4.87,4.9,4.869,4.892,89420.0
1666515600000,4.892,4.897,4.864,4.884,100564.0
1666519200000,4.884,4.894,4.866,4.868,72779.0
1666522800000,4.866,4.875,4.832,4.839,122906.0
1666526400000,4.839,4.852,4.79,4.83,242000.0
1666530000000,4.827,4.859,4.821,4.855,74274.0
1666533600000,4.856,4.874,4.837,4.868,80834.0
1666537200000,4.869,4.89,4.858,4.87,110095.0
1666540800000,4.87,4.892,4.851,4.886,77627.0
1666544400000,4.885,4.935,4.862,4.926,150446.0
1666548000000,4.928,4.957,4.912,4.918,186384.0
1666551600000,4.918,4.987,4.916,4.957,174676.0
1666555200000,4.958,5.01,4.955,4.969,179512.0
1666558800000,4.968,5.011,4.964,4.969,127627.0
1666562400000,4.968,5.035,4.968,5.008,209516.0
1666566000000,5.008,5.034,4.991,5.024,84795.0
1666569600000,5.026,5.041,4.976,4.99,131350.0
1666573200000,4.991,5.005,4.941,4.972,113809.0
1666576800000,4.972,4.976,4.919,4.926,90330.0
1666580400000,4.924,4.959,4.903,4.927,112429.0
1666584000000,4.925,4.933,4.897,4.931,71043.0
1666587600000,4.93,4.933,4.894,4.909,85875.0
1666591200000,4.908,4.928,4.883,4.884,55745.0
1666594800000,4.886,4.898,4.843,4.894,159340.0
1666598400000,4.891,4.895,4.844,4.868,133236.0
1666602000000,4.869,4.9,4.862,4.885,105593.0
1666605600000,4.886,4.915,4.839,4.85,211781.0
1666609200000,4.852,4.875,4.802,4.846,372093.0
1666612800000,4.846,4.859,4.8,4.832,178021.0
1666616400000,4.83,4.853,4.814,4.837,223941.0
1666620000000,4.838,4.839,4.724,4.812,452970.0
1666623600000,4.811,4.849,4.793,4.839,114428.0
1666627200000,4.839,4.839,4.79,4.8,120052.0
1666630800000,4.8,4.823,4.796,4.809,117871.0
1666634400000,4.808,4.825,4.796,4.82,120207.0
1666638000000,4.821,4.843,4.803,4.807,132555.0
1666641600000,4.808,4.827,4.786,4.825,120908.0
1666645200000,4.825,4.84,4.804,4.815,157782.0
1666648800000,4.816,4.821,4.786,4.809,123601.0
1666652400000,4.81,4.833,4.796,4.814,175409.0
1666656000000,4.813,4.849,4.796,4.834,216325.0
1666659600000,4.835,4.849,4.808,4.841,115922.0
1666663200000,4.842,4.848,4.814,4.824,117456.0
1666666800000,4.825,4.871,4.825,4.853,198405.0
1666670400000,4.851,4.861,4.832,4.845,92421.0
1666674000000,4.848,4.854,4.822,4.849,119347.0
1666677600000,4.85,4.878,4.845,4.85,120230.0
1666681200000,4.853,4.856,4.827,4.842,90431.0
1666684800000,4.842,4.848,4.811,4.817,193791.0
1666688400000,4.816,4.846,4.795,4.825,98041.0
1666692000000,4.825,4.84,4.803,4.829,109092.0
1666695600000,4.83,4.848,4.822,4.836,111292.0
1666699200000,4.836,4.844,4.804,4.84,123396.0
1666702800000,4.841,4.934,4.84,4.907,281019.0
1666706400000,4.908,4.916,4.888,4.901,161949.0
1666710000000,4.901,4.956,4.9,4.924,213610.0
1666713600000,4.925,4.978,4.924,4.973,220155.0
1666717200000,4.97,5.089,4.97,5.089,396095.0
1666720800000,5.088,5.114,5.054,5.071,377772.0
1666724400000,5.072,5.087,5.036,5.064,271951.0
1666728000000,5.065,5.072,5.005,5.033,320311.0
1666731600000,5.034,5.044,5.0,5.026,233182.0
1666735200000,5.026,5.041,4.982,5.012,248004.0
1666738800000,5.012,5.038,4.999,5.014,177445.0
1666742400000,5.014,5.07,5.001,5.064,171015.0
1666746000000,5.063,5.071,4.93,5.004,362841.0
1666749600000,5.006,5.046,5.005,5.033,124997.0
1666753200000,5.033,5.113,5.033,5.086,202155.0
1666756800000,5.084,5.125,5.076,5.081,128187.0
1666760400000,5.083,5.122,5.054,5.078,170882.0
1666764000000,5.078,5.117,5.072,5.113,113822.0
1666767600000,5.114,5.149,5.095,5.098,142642.0
1666771200000,5.099,5.141,5.048,5.111,295061.0
1666774800000,5.112,5.119,5.086,5.114,148580.0
1666778400000,5.114,5.16,5.095,5.149,161569.0
1666782000000,5.149,5.159,5.116,5.119,170761.0
1666785600000,5.119,5.12,5.056,5.083,227613.0
1666789200000,5.083,5.109,5.028,5.085,273370.0
1666792800000,5.085,5.147,5.071,5.077,413276.0
1666796400000,5.078,5.152,5.078,5.126,273995.0
1666800000000,5.126,5.15,5.094,5.11,128119.0
1666803600000,5.111,5.12,5.074,5.096,163606.0
1666807200000,5.098,5.117,5.046,5.052,121816.0
1666810800000,5.053,5.084,5.043,5.07,163853.0
1666814400000,5.072,5.146,5.059,5.132,179977.0
1666818000000,5.131,5.148,5.104,5.13,188551.0
1666821600000,5.13,5.141,5.09,5.111,135377.0
1666825200000,5.111,5.135,5.08,5.096,139348.0
1666828800000,5.095,5.15,5.073,5.136,193138.0
1666832400000,5.136,5.148,5.109,5.128,145764.0
1666836000000,5.126,5.147,5.076,5.102,212463.0
1666839600000,5.102,5.17,5.102,5.152,246331.0
1666843200000,5.15,5.259,5.148,5.234,246355.0
1666846800000,5.232,5.274,5.194,5.253,257632.0
1666850400000,5.252,5.352,5.25,5.272,419449.0
1666854000000,5.272,5.273,5.171,5.246,304846.0
1666857600000,5.245,5.248,5.183,5.214,159370.0
1666861200000,5.215,5.216,5.151,5.166,150909.0
1666864800000,5.166,5.2,5.138,5.164,172337.0
1666868400000,5.164,5.19,5.134,5.18,184017.0
1666872000000,5.18,5.252,5.141,5.246,320314.0
1666875600000,5.246,5.246,5.104,5.137,269554.0
1666879200000,5.137,5.182,5.12,5.147,216625.0
1666882800000,5.147,5.199,5.135,5.167,176993.0
1666886400000,5.17,5.189,5.126,5.165,151590.0
1666890000000,5.165,5.168,5.143,5.151,97080.0
1666893600000,5.152,5.165,5.141,5.146,85717.0
1666897200000,5.147,5.218,5.145,5.206,183047.0
1666900800000,5.205,5.208,5.03,5.09,338413.0
1666904400000,5.09,5.103,5.052,5.085,144070.0
1666908000000,5.085,5.101,4.99,5.062,245398.0
1666911600000,5.061,5.08,5.014,5.024,235049.0
1666915200000,5.023,5.075,4.973,5.046,202146.0
1666918800000,5.045,5.094,5.028,5.082,209280.0
1666922400000,5.082,5.085,5.002,5.013,237152.0
1666926000000,5.013,5.047,5.002,5.043,169005.0
1666929600000,5.043,5.06,5.025,5.038,155781.0
1666933200000,5.037,5.05,4.994,5.047,182139.0
1666936800000,5.047,5.06,5.025,5.041,110538.0
1666940400000,5.042,5.055,4.977,4.994,192974.0
1666944000000,4.995,5.049,4.994,5.021,212816.0
1666947600000,5.023,5.056,5.02,5.05,151997.0
1666951200000,5.048,5.08,5.035,5.05,210240.0
1666954800000,5.05,5.06,5.012,5.042,163626.0
1666958400000,5.041,5.092,5.004,5.078,317304.0
1666962000000,5.079,5.135,5.073,5.094,255880.0
1666965600000,5.096,5.141,5.074,5.101,214598.0
1666969200000,5.1,5.129,5.09,5.127,110100.0
1666972800000,5.127,5.195,5.122,5.179,346617.0
1666976400000,5.18,5.2,5.154,5.168,209614.0
1666980000000,5.169,5.191,5.151,5.155,105183.0
1666983600000,5.154,5.198,5.145,5.195,219116.0
1666987200000,5.194,5.205,5.16,5.199,161881.0
1666990800000,5.197,5.213,5.183,5.192,89705.0
1666994400000,5.192,5.218,5.155,5.217,193289.0
1666998000000,5.215,5.218,5.162,5.162,127771.0
1667001600000,5.162,5.213,5.161,5.196,262582.0
1667005200000,5.197,5.235,5.195,5.232,174628.0
1667008800000,5.231,5.328,5.23,5.315,338956.0
1667012400000,5.313,5.365,5.281,5.309,287392.0
1667016000000,5.309,5.342,5.242,5.261,230093.0
1667019600000,5.261,5.286,5.235,5.263,122306.0
1667023200000,5.263,5.31,5.259,5.297,86347.0
1667026800000,5.297,5.328,5.285,5.31,179788.0
1667030400000,5.311,5.352,5.297,5.321,228846.0
1667034000000,5.32,5.324,5.292,5.315,148031.0
1667037600000,5.315,5.324,5.199,5.223,284763.0
1667041200000,5.225,5.238,5.199,5.219,177224.0
1667044800000,5.218,5.247,5.205,5.24,135678.0
1667048400000,5.239,5.248,5.18,5.214,164809.0
1667052000000,5.214,5.25,5.179,5.212,203446.0
1667055600000,5.212,5.259,5.205,5.222,168100.0
1667059200000,5.222,5.489,5.219,5.454,531168.0
1667062800000,5.453,5.51,5.337,5.376,620981.0
1667066400000,5.372,5.423,5.308,5.409,426842.0
1667070000000,5.408,5.509,5.391,5.438,354461.0
1667073600000,5.439,5.539,5.351,5.403,536457.0
1667077200000,5.402,5.41,5.344,5.364,98844.0
1667080800000,5.363,5.378,5.313,5.333,139524.0
1667084400000,5.333,5.5,5.316,5.403,255565.0
1667088000000,5.402,5.458,5.345,5.348,171486.0
1667091600000,5.348,5.396,5.343,5.393,55126.0
1667095200000,5.395,5.436,5.356,5.432,145642.0
1667098800000,5.432,5.434,5.396,5.426,130261.0
1667102400000,5.426,5.439,5.396,5.402,97012.0
1667106000000,5.403,5.488,5.398,5.48,251404.0
1667109600000,5.48,5.493,5.411,5.447,206911.0
1667113200000,5.447,5.523,5.43,5.518,256554.0
1667116800000,5.517,5.518,5.356,5.433,459641.0
1667120400000,5.431,5.46,5.324,5.364,283549.0
1667124000000,5.364,5.381,5.336,5.366,200750.0
1667127600000,5.368,5.389,5.333,5.356,164841.0
1667131200000,5.357,5.391,5.314,5.337,154893.0
1667134800000,5.338,5.345,5.213,5.267,349400.0
1667138400000,5.266,5.315,5.236,5.302,252694.0
1667142000000,5.301,5.314,5.194,5.215,189460.0
1667145600000,5.214,5.26,5.192,5.209,185048.0
1667149200000,5.209,5.258,5.2,5.253,144697.0
1667152800000,5.252,5.331,5.24,5.294,236221.0
1667156400000,5.294,5.302,5.257,5.271,158758.0
1667160000000,5.272,5.311,5.267,5.306,107778.0
1667163600000,5.307,5.324,5.291,5.305,52860.0
1667167200000,5.304,5.321,5.276,5.318,112955.0
1667170800000,5.319,5.333,5.287,5.318,159805.0
1667174400000,5.318,5.329,5.276,5.295,198119.0
1667178000000,5.294,5.309,5.183,5.215,237774.0
1667181600000,5.214,5.224,5.12,5.176,291964.0
1667185200000,5.175,5.222,5.175,5.217,137009.0
1667188800000,5.217,5.249,5.195,5.214,157151.0
1667192400000,5.213,5.242,5.188,5.194,95489.0
1667196000000,5.196,5.208,5.152,5.195,175338.0
1667199600000,5.196,5.2,5.165,5.188,100638.0
1667203200000,5.188,5.213,5.12,5.173,249512.0
1667206800000,5.174,5.285,5.15,5.282,237806.0
1667210400000,5.281,5.425,5.274,5.39,492947.0
1667214000000,5.39,5.44,5.349,5.367,334796.0
1667217600000,5.368,5.376,5.33,5.337,220810.0
1667221200000,5.336,5.396,5.21,5.214,382513.0
1667224800000,5.215,5.269,5.177,5.25,418908.0
1667228400000,5.249,5.312,5.234,5.283,175692.0
1667232000000,5.282,5.306,5.218,5.267,155272.0
1667235600000,5.267,5.292,5.245,5.267,183871.0
1667239200000,5.264,5.324,5.251,5.297,138619.0
1667242800000,5.298,5.3,5.263,5.276,84455.0
1667246400000,5.277,5.297,5.252,5.267,96514.0
1667250000000,5.265,5.275,5.223,5.26,106282.0
1667253600000,5.26,5.295,5.234,5.287,147869.0
1667257200000,5.284,5.298,5.257,5.281,126216.0
1667260800000,5.281,5.303,5.231,5.271,316037.0
1667264400000,5.269,5.3,5.269,5.293,92081.0
1667268000000,5.293,5.335,5.277,5.316,91384.0
1667271600000,5.316,5.332,5.274,5.285,132878.0
1667275200000,5.285,5.311,5.257,5.289,130605.0
1667278800000,5.29,5.321,5.265,5.272,146190.0
1667282400000,5.27,5.309,5.256,5.288,142599.0
1667286000000,5.289,5.384,5.275,5.323,485176.0
1667289600000,5.323,5.339,5.295,5.313,107174.0
1667293200000,5.313,5.341,5.287,5.312,219465.0
1667296800000,5.312,5.327,5.272,5.318,156221.0
1667300400000,5.319,5.333,5.264,5.294,197854.0
1667304000000,5.295,5.31,5.261,5.3,82055.0
1667307600000,5.299,5.3,5.182,5.213,230193.0
1667311200000,5.214,5.251,5.185,5.21,225177.0
1667314800000,5.209,5.248,5.204,5.22,180767.0
1667318400000,5.219,5.252,5.172,5.212,129796.0
1667322000000,5.21,5.261,5.187,5.256,146403.0
1667325600000,5.256,5.264,5.233,5.244,54263.0
1667329200000,5.244,5.255,5.2,5.205,106622.0
1667332800000,5.206,5.226,5.198,5.209,86955.0
1667336400000,5.209,5.223,5.196,5.204,58646.0
1667340000000,5.204,5.216,5.185,5.202,80084.0
1667343600000,5.202,5.213,5.15,5.178,199417.0
1667347200000,5.178,5.191,5.126,5.185,176958.0
1667350800000,5.186,5.204,5.172,5.173,64044.0
1667354400000,5.172,5.175,5.097,5.154,239959.0
1667358000000,5.155,5.191,5.148,5.175,64578.0
1667361600000,5.174,5.22,5.141,5.22,200907.0
1667365200000,5.217,5.23,5.176,5.181,149213.0
1667368800000,5.181,5.189,5.141,5.162,137047.0
1667372400000,5.163,5.186,5.1,5.139,229994.0
1667376000000,5.137,5.159,5.095,5.151,166461.0
1667379600000,5.152,5.159,5.043,5.05,320338.0
1667383200000,5.049,5.05,5.0,5.033,268587.0
1667386800000,5.033,5.066,5.025,5.036,179309.0
1667390400000,5.035,5.064,5.016,5.051,136332.0
1667394000000,5.05,5.083,5.024,5.048,203396.0
1667397600000,5.049,5.084,5.036,5.051,173665.0
1667401200000,5.05,5.052,5.027,5.041,91192.0
1667404800000,5.042,5.069,4.977,5.063,145669.0
1667408400000,5.065,5.069,4.985,5.018,189067.0
1667412000000,5.017,5.199,4.962,5.098,534840.0
1667415600000,5.096,5.145,4.937,4.954,351184.0
1667419200000,4.955,4.984,4.844,4.926,570820.0
1667422800000,4.925,4.951,4.887,4.918,147572.0
1667426400000,4.919,4.927,4.876,4.905,119358.0
1667430000000,4.903,4.945,4.893,4.935,133033.0
1667433600000,4.934,5.043,4.903,5.024,281947.0
1667437200000,5.023,5.181,5.0,5.133,455556.0
1667440800000,5.131,5.205,5.124,5.139,346807.0
1667444400000,5.139,5.325,5.137,5.32,458988.0
1667448000000,5.321,5.432,5.279,5.286,494759.0
1667451600000,5.286,5.403,5.284,5.396,206400.0
1667455200000,5.394,5.501,5.32,5.472,579181.0
1667458800000,5.472,5.584,5.371,5.388,890041.0
1667462400000,5.389,5.451,5.385,5.435,321778.0
1667466000000,5.435,5.519,5.396,5.444,354575.0
1667469600000,5.445,5.589,5.42,5.435,522391.0
1667473200000,5.435,5.479,5.322,5.396,555958.0
1667476800000,5.395,5.57,5.37,5.419,901155.0
1667480400000,5.421,5.505,5.346,5.355,418995.0
1667484000000,5.355,5.498,5.355,5.47,383022.0
1667487600000,5.469,5.484,5.422,5.44,188411.0
1667491200000,5.441,5.6,5.434,5.554,539573.0
1667494800000,5.554,5.555,5.466,5.484,295281.0
1667498400000,5.483,5.493,5.413,5.481,231368.0
1667502000000,5.482,5.53,5.466,5.522,166283.0
1667505600000,5.524,5.567,5.46,5.472,214065.0
1667509200000,5.475,5.532,5.461,5.511,164388.0
1667512800000,5.513,5.517,5.403,5.412,270463.0
1667516400000,5.411,5.445,5.347,5.37,502507.0
1667520000000,5.371,5.5,5.369,5.474,298835.0
1667523600000,5.474,5.512,5.407,5.463,342071.0
1667527200000,5.464,5.5,5.436,5.494,194403.0
1667530800000,5.494,5.583,5.467,5.574,266230.0
1667534400000,5.573,5.647,5.513,5.524,348855.0
1667538000000,5.525,5.544,5.42,5.454,362299.0
1667541600000,5.456,5.57,5.453,5.555,198041.0
1667545200000,5.556,5.593,5.479,5.568,244452.0
1667548800000,5.569,5.629,5.483,5.505,354226.0
1667552400000,5.503,5.537,5.454,5.531,166293.0
1667556000000,5.533,5.592,5.484,5.55,249078.0
1667559600000,5.549,5.569,5.466,5.491,224173.0
1667563200000,5.489,5.538,5.41,5.531,404443.0
1667566800000,5.532,5.557,5.47,5.496,486439.0
1667570400000,5.5,5.812,5.492,5.673,971521.0
1667574000000,5.672,5.693,5.491,5.507,746499.0
1667577600000,5.504,5.574,5.487,5.533,342140.0
1667581200000,5.533,5.56,5.468,5.54,242250.0
1667584800000,5.54,5.58,5.493,5.559,240801.0
1667588400000,5.558,5.66,5.554,5.654,244048.0
1667592000000,5.654,5.667,5.586,5.649,239648.0
1667595600000,5.647,5.696,5.608,5.672,156161.0
1667599200000,5.671,5.673,5.592,5.643,229526.0
1667602800000,5.644,5.651,5.584,5.626,171585.0
1667606400000,5.626,5.741,5.588,5.72,311578.0
1667610000000,5.722,5.781,5.685,5.752,238691.0
1667613600000,5.752,5.8,5.682,5.799,367829.0
1667617200000,5.796,5.8,5.679,5.722,303577.0
1667620800000,5.722,5.757,5.681,5.691,252870.0
1667624400000,5.691,5.752,5.66,5.73,208739.0
1667628000000,5.731,5.75,5.651,5.683,295180.0
1667631600000,5.683,5.698,5.62,5.673,219057.0
1667635200000,5.675,5.682,5.56,5.615,384893.0
1667638800000,5.615,5.629,5.562,5.594,193057.0
1667642400000,5.594,5.642,5.585,5.624,150041.0
1667646000000,5.621,5.68,5.602,5.623,310040.0
1667649600000,5.623,5.641,5.566,5.596,190858.0
1667653200000,5.596,5.637,5.551,5.604,302092.0
1667656800000,5.603,5.634,5.469,5.507,357638.0
1667660400000,5.509,5.61,5.485,5.584,356674.0
1667664000000,5.584,5.735,5.573,5.658,640249.0
1667667600000,5.658,5.658,5.574,5.642,322145.0
1667671200000,5.643,5.645,5.55,5.577,170280.0
1667674800000,5.577,5.656,5.565,5.615,344170.0
1667678400000,5.615,5.621,5.564,5.606,229995.0
1667682000000,5.606,5.607,5.579,5.598,69140.0
1667685600000,5.597,5.621,5.551,5.606,178638.0
1667689200000,5.605,5.611,5.47,5.56,251070.0
1667692800000,5.561,5.65,5.47,5.55,421212.0
1667696400000,5.55,5.583,5.488,5.49,270165.0
1667700000000,5.49,5.53,5.444,5.485,256021.0
1667703600000,5.488,5.536,5.479,5.535,153206.0
1667707200000,5.53,5.565,5.503,5.513,190306.0
1667710800000,5.513,5.552,5.451,5.483,221320.0
1667714400000,5.484,5.5,5.418,5.449,220134.0
1667718000000,5.447,5.499,5.444,5.486,100775.0
1667721600000,5.486,5.55,5.45,5.497,229138.0
1667725200000,5.496,5.533,5.494,5.516,195260.0
1667728800000,5.517,5.549,5.483,5.543,244404.0
1667732400000,5.544,5.548,5.479,5.526,298099.0
1667736000000,5.529,5.531,5.482,5.491,112092.0
1667739600000,5.493,5.521,5.471,5.507,98228.0
1667743200000,5.506,5.536,5.481,5.526,99502.0
1667746800000,5.526,5.548,5.5,5.5,237310.0
1667750400000,5.501,5.508,5.402,5.474,416612.0
1667754000000,5.474,5.474,5.42,5.44,209783.0
1667757600000,5.44,5.47,5.414,5.448,211950.0
1667761200000,5.446,5.452,5.37,5.426,281287.0
1667764800000,5.426,5.428,5.371,5.416,132115.0
1667768400000,5.415,5.416,5.31,5.355,299348.0
1667772000000,5.354,5.368,5.25,5.318,305973.0
1667775600000,5.315,5.323,5.149,5.203,655653.0
1667779200000,5.2,5.263,5.194,5.21,239377.0
1667782800000,5.21,5.254,5.175,5.243,193564.0
1667786400000,5.243,5.33,5.227,5.294,335934.0
1667790000000,5.296,5.302,5.252,5.292,228693.0
1667793600000,5.292,5.296,5.237,5.293,185185.0
1667797200000,5.292,5.305,5.266,5.274,100232.0
1667800800000,5.274,5.299,5.195,5.211,229770.0
1667804400000,5.211,5.214,5.003,5.031,634626.0
1667808000000,5.03,5.136,5.0,5.129,328109.0
1667811600000,5.129,5.151,5.112,5.116,104481.0
1667815200000,5.116,5.177,5.108,5.14,271926.0
1667818800000,5.14,5.166,5.125,5.155,137144.0
1667822400000,5.154,5.183,5.125,5.177,177684.0
1667826000000,5.178,5.192,5.126,5.134,232894.0
1667829600000,5.133,5.138,5.059,5.093,283553.0
1667833200000,5.095,5.209,5.093,5.197,188070.0
1667836800000,5.196,5.198,5.112,5.117,308790.0
1667840400000,5.116,5.174,5.099,5.164,285313.0
1667844000000,5.163,5.194,5.144,5.169,295705.0
1667847600000,5.168,5.26,5.159,5.228,257648.0
1667851200000,5.229,5.274,5.21,5.259,188105.0
1667854800000,5.259,5.282,5.175,5.184,250816.0
1667858400000,5.186,5.217,5.09,5.134,328007.0
1667862000000,5.134,5.197,5.131,5.185,188880.0
1667865600000,5.181,5.217,5.141,5.182,343544.0
1667869200000,5.18,5.262,5.168,5.235,262035.0
1667872800000,5.237,5.249,5.041,5.069,325548.0
1667876400000,5.07,5.102,4.894,4.916,756746.0
1667880000000,4.915,4.95,4.641,4.859,980496.0
1667883600000,4.858,4.891,4.704,4.795,526866.0
1667887200000,4.796,4.894,4.776,4.868,338863.0
1667890800000,4.867,4.946,4.849,4.917,279689.0
1667894400000,4.915,4.916,4.847,4.872,329483.0
1667898000000,4.87,4.91,4.845,4.886,199102.0
1667901600000,4.885,4.913,4.822,4.851,255221.0
1667905200000,4.852,4.883,4.806,4.834,173081.0
1667908800000,4.834,4.882,4.82,4.88,206672.0
1667912400000,4.881,4.906,4.847,4.859,288345.0
1667916000000,4.858,4.909,4.781,4.861,414872.0
1667919600000,4.861,4.893,4.809,4.887,309225.0
1667923200000,4.886,5.16,4.867,5.055,696829.0
1667926800000,5.056,5.093,4.828,4.833,458294.0
1667930400000,4.83,4.88,4.45,4.522,1201347.0
1667934000000,4.525,4.589,3.76,4.199,1854464.0
1667937600000,4.199,4.306,4.087,4.244,689619.0
1667941200000,4.245,4.344,4.227,4.317,490988.0
1667944800000,4.315,4.329,4.227,4.282,387071.0
1667948400000,4.28,4.456,4.26,4.352,456427.0
1667952000000,4.351,4.404,4.277,4.291,398246.0
1667955600000,4.292,4.35,4.27,4.276,284744.0
1667959200000,4.276,4.338,4.152,4.179,362430.0
1667962800000,4.183,4.288,4.151,4.239,319822.0
1667966400000,4.239,4.276,4.2,4.233,285493.0
1667970000000,4.233,4.298,4.172,4.24,299800.0
1667973600000,4.242,4.332,4.203,4.26,311680.0
1667977200000,4.259,4.308,4.218,4.232,242386.0
1667980800000,4.232,4.246,4.12,4.174,336792.0
1667984400000,4.175,4.177,4.005,4.04,486274.0
1667988000000,4.041,4.111,3.931,4.064,512336.0
1667991600000,4.067,4.163,4.033,4.162,224822.0
1667995200000,4.163,4.193,4.086,4.132,351241.0
1667998800000,4.131,4.163,4.075,4.126,212147.0
1668002400000,4.126,4.217,4.074,4.175,233984.0
1668006000000,4.175,4.236,3.968,4.006,364256.0
1668009600000,4.006,4.064,3.876,3.991,428192.0
1668013200000,3.992,4.034,3.939,3.944,188015.0
1668016800000,3.945,3.945,3.812,3.89,372617.0
1668020400000,3.888,4.0,3.888,3.95,227541.0
1668024000000,3.952,4.005,3.845,3.893,308203.0
1668027600000,3.893,3.895,3.462,3.65,700626.0
1668031200000,3.65,3.717,3.55,3.633,340092.0
1668034800000,3.633,3.822,3.518,3.67,861507.0
1668038400000,3.67,3.757,3.58,3.75,386714.0
1668042000000,3.749,3.812,3.69,3.738,205830.0
1668045600000,3.738,3.773,3.692,3.772,236189.0
1668049200000,3.771,3.882,3.765,3.845,191551.0
1668052800000,3.843,3.92,3.811,3.916,158516.0
1668056400000,3.913,3.975,3.891,3.961,194680.0
1668060000000,3.962,4.1,3.917,4.083,268665.0
1668063600000,4.083,4.127,4.036,4.08,240692.0
1668067200000,4.08,4.088,3.948,4.052,291503.0
1668070800000,4.051,4.054,3.966,3.968,115216.0
1668074400000,3.97,3.999,3.87,3.897,283723.0
1668078000000,3.896,3.966,3.883,3.936,176874.0
1668081600000,3.933,4.027,3.929,3.95,241177.0
1668085200000,3.951,4.272,3.942,4.243,457460.0
1668088800000,4.242,4.271,4.188,4.249,312238.0
1668092400000,4.249,4.309,4.191,4.237,290342.0
1668096000000,4.239,4.379,4.22,4.343,286475.0
1668099600000,4.343,4.404,4.219,4.264,299806.0
1668103200000,4.266,4.309,4.254,4.271,186102.0
1668106800000,4.271,4.303,4.233,4.283,180155.0
1668110400000,4.281,4.389,4.24,4.361,358219.0
1668114000000,4.363,4.369,4.303,4.307,197595.0
1668117600000,4.307,4.321,4.277,4.313,148235.0
1668121200000,4.311,4.34,4.239,4.268,181652.0
1668124800000,4.269,4.353,4.169,4.315,364795.0
1668128400000,4.316,4.403,4.199,4.219,269929.0
1668132000000,4.219,4.294,4.145,4.244,325972.0
1668135600000,4.243,4.244,4.111,4.185,268080.0
1668139200000,4.184,4.197,4.096,4.134,177087.0
1668142800000,4.133,4.218,4.126,4.191,200506.0
1668146400000,4.19,4.233,4.139,4.202,173391.0
1668150000000,4.201,4.275,4.177,4.257,142236.0
1668153600000,4.251,4.297,4.222,4.242,154302.0
1668157200000,4.241,4.247,4.189,4.198,164717.0
1668160800000,4.2,4.236,4.161,4.207,203412.0
1668164400000,4.203,4.24,4.165,4.189,91366.0
1668168000000,4.187,4.216,4.168,4.211,161716.0
1668171600000,4.21,4.243,4.14,4.141,125482.0
1668175200000,4.144,4.144,3.9,4.008,598074.0
1668178800000,4.007,4.035,3.955,3.966,299135.0
1668182400000,3.967,3.991,3.892,3.982,243921.0
1668186000000,3.982,4.018,3.957,4.0,175298.0
1668189600000,3.999,4.038,3.968,3.971,158203.0
1668193200000,3.971,3.996,3.943,3.982,163962.0
1668196800000,3.982,3.988,3.89,3.903,259679.0
1668200400000,3.9,3.954,3.899,3.947,83806.0
1668204000000,3.947,3.991,3.933,3.981,118037.0
1668207600000,3.98,4.041,3.956,4.024,251150.0
1668211200000,4.025,4.027,3.933,3.933,99279.0
1668214800000,3.937,3.966,3.924,3.964,149687.0
1668218400000,3.963,4.001,3.928,3.977,235841.0
1668222000000,3.976,3.979,3.899,3.913,137059.0
1668225600000,3.915,3.918,3.798,3.811,270111.0
1668229200000,3.81,3.828,3.75,3.824,267295.0
1668232800000,3.822,3.83,3.784,3.823,194577.0
1668236400000,3.82,3.866,3.811,3.823,139809.0
1668240000000,3.822,3.862,3.79,3.848,195777.0
1668243600000,3.848,3.851,3.815,3.846,49417.0
