timestamp,funding_rate,datetime
1636790400004,0.0001,2021-11-13T08:00:00.004Z
1636819200006,0.0001,2021-11-13T16:00:00.006Z
1636848000010,0.0001,2021-11-14T00:00:00.010Z
1636876800001,0.0001,2021-11-14T08:00:00.001Z
1636905600000,0.0001,2021-11-14T16:00:00.000Z
1636934400008,0.0001,2021-11-15T00:00:00.008Z
1636963200000,0.0002304,2021-11-15T08:00:00.000Z
1636992000000,0.00020424,2021-11-15T16:00:00.000Z
1637020800000,0.00027089,2021-11-16T00:00:00.000Z
1637049600001,0.0001,2021-11-16T08:00:00.001Z
1637078400018,0.0001,2021-11-16T16:00:00.018Z
1637107200005,0.0001,2021-11-17T00:00:00.005Z
1637136000007,0.0001,2021-11-17T08:00:00.007Z
1637164800003,0.0001,2021-11-17T16:00:00.003Z
1637193600017,0.0001,2021-11-18T00:00:00.017Z
1637222400007,0.0001,2021-11-18T08:00:00.007Z
1637251200011,0.0001,2021-11-18T16:00:00.011Z
1637280000000,0.0001,2021-11-19T00:00:00.000Z
1637308800000,0.0001,2021-11-19T08:00:00.000Z
1637337600005,0.0001,2021-11-19T16:00:00.005Z
1637366400012,0.0001,2021-11-20T00:00:00.012Z
1637395200000,0.0001,2021-11-20T08:00:00.000Z
1637424000007,0.0001,2021-11-20T16:00:00.007Z
1637452800000,0.0001,2021-11-21T00:00:00.000Z
1637481600006,0.0001,2021-11-21T08:00:00.006Z
1637510400000,0.0001,2021-11-21T16:00:00.000Z
1637539200004,0.0001,2021-11-22T00:00:00.004Z
1637568000000,0.0001,2021-11-22T08:00:00.000Z
1637596800000,0.0001,2021-11-22T16:00:00.000Z
1637625600004,0.0001,2021-11-23T00:00:00.004Z
1637654400010,0.0001,2021-11-23T08:00:00.010Z
1637683200005,0.0001,2021-11-23T16:00:00.005Z
1637712000001,0.0001,2021-11-24T00:00:00.001Z
1637740800003,0.0001,2021-11-24T08:00:00.003Z
1637769600010,0.0001,2021-11-24T16:00:00.010Z
1637798400000,0.0001,2021-11-25T00:00:00.000Z
1637827200010,0.0001,2021-11-25T08:00:00.010Z
1637856000000,0.0001,2021-11-25T16:00:00.000Z
1637884800000,0.00017842,2021-11-26T00:00:00.000Z
1637913600000,0.00020977,2021-11-26T08:00:00.000Z
1637942400016,0.0001,2021-11-26T16:00:00.016Z
1637971200005,0.0001,2021-11-27T00:00:00.005Z
1638000000008,0.0001,2021-11-27T08:00:00.008Z
1638028800007,0.0001,2021-11-27T16:00:00.007Z
1638057600018,0.0001,2021-11-28T00:00:00.018Z
1638086400000,0.0001,2021-11-28T08:00:00.000Z
1638115200004,0.0001,2021-11-28T16:00:00.004Z
1638144000002,0.0001,2021-11-29T00:00:00.002Z
1638172800004,0.0001,2021-11-29T08:00:00.004Z
1638201600000,0.0001,2021-11-29T16:00:00.000Z
1638230400000,0.0001,2021-11-30T00:00:00.000Z
1638259200006,0.0001,2021-11-30T08:00:00.006Z
1638288000000,0.0001,2021-11-30T16:00:00.000Z
1638316800000,0.0001,2021-12-01T00:00:00.000Z
1638345600000,0.0001,2021-12-01T08:00:00.000Z
1638374400001,0.0001,2021-12-01T16:00:00.001Z
1638403200000,0.0001,2021-12-02T00:00:00.000Z
1638432000007,0.0001,2021-12-02T08:00:00.007Z
1638460800008,0.0001,2021-12-02T16:00:00.008Z
1638489600004,0.0001,2021-12-03T00:00:00.004Z
1638518400002,0.0001,2021-12-03T08:00:00.002Z
1638547200006,0.0001,2021-12-03T16:00:00.006Z
1638576000006,0.0001,2021-12-04T00:00:00.006Z
1638604800004,1.797e-05,2021-12-04T08:00:00.004Z
1638633600000,0.0001,2021-12-04T16:00:00.000Z
1638662400003,0.0001,2021-12-05T00:00:00.003Z
1638691200008,0.0001,2021-12-05T08:00:00.008Z
1638720000007,0.0001,2021-12-05T16:00:00.007Z
1638748800009,0.0001,2021-12-06T00:00:00.009Z
1638777600001,0.0001,2021-12-06T08:00:00.001Z
1638806400000,0.0001,2021-12-06T16:00:00.000Z
1638835200018,-3.201e-05,2021-12-07T00:00:00.018Z
1638864000000,0.0001,2021-12-07T08:00:00.000Z
1638892800000,7.981e-05,2021-12-07T16:00:00.000Z
1638921600000,0.0001,2021-12-08T00:00:00.000Z
1638950400018,0.0001,2021-12-08T08:00:00.018Z
1638979200010,0.0001,2021-12-08T16:00:00.010Z
1639008000010,2.061e-05,2021-12-09T00:00:00.010Z
1639036800000,0.0001,2021-12-09T08:00:00.000Z
1639065600000,0.0001,2021-12-09T16:00:00.000Z
1639094400000,-1.892e-05,2021-12-10T00:00:00.000Z
1639123200008,0.0001,2021-12-10T08:00:00.008Z
1639152000012,-1.681e-05,2021-12-10T16:00:00.012Z
1639180800009,0.0001,2021-12-11T00:00:00.009Z
1639209600008,0.0001,2021-12-11T08:00:00.008Z
1639238400000,5.143e-05,2021-12-11T16:00:00.000Z
1639267200001,9.65e-05,2021-12-12T00:00:00.001Z
1639296000015,4.428e-05,2021-12-12T08:00:00.015Z
1639324800011,-3.717e-05,2021-12-12T16:00:00.011Z
1639353600006,6.697e-05,2021-12-13T00:00:00.006Z
1639382400019,0.0001,2021-12-13T08:00:00.019Z
1639411200000,0.0001,2021-12-13T16:00:00.000Z
1639440000004,0.0001,2021-12-14T00:00:00.004Z
1639468800000,0.0001,2021-12-14T08:00:00.000Z
1639497600015,0.0001,2021-12-14T16:00:00.015Z
1639526400000,5.854e-05,2021-12-15T00:00:00.000Z
1639555200008,0.0001,2021-12-15T08:00:00.008Z
1639584000005,0.0001,2021-12-15T16:00:00.005Z
1639612800006,0.0001,2021-12-16T00:00:00.006Z
1639641600009,0.0001,2021-12-16T08:00:00.009Z
1639670400000,0.0001,2021-12-16T16:00:00.000Z
1639699200000,0.0001,2021-12-17T00:00:00.000Z
1639728000005,0.0001,2021-12-17T08:00:00.005Z
1639756800006,-8.76e-06,2021-12-17T16:00:00.006Z
1639785600014,0.0001,2021-12-18T00:00:00.014Z
1639814400012,0.0001,2021-12-18T08:00:00.012Z
1639843200000,0.0001,2021-12-18T16:00:00.000Z
1639872000031,0.0001,2021-12-19T00:00:00.031Z
1639900800000,0.0001,2021-12-19T08:00:00.000Z
1639929600003,0.0001,2021-12-19T16:00:00.003Z
1639958400015,0.0001,2021-12-20T00:00:00.015Z
1639987200007,0.0001,2021-12-20T08:00:00.007Z
1640016000005,0.0001,2021-12-20T16:00:00.005Z
1640044800003,0.0001,2021-12-21T00:00:00.003Z
1640073600012,0.0001,2021-12-21T08:00:00.012Z
1640102400005,0.0001,2021-12-21T16:00:00.005Z
1640131200000,0.0001,2021-12-22T00:00:00.000Z
1640160000001,0.0001,2021-12-22T08:00:00.001Z
1640188800006,0.0001,2021-12-22T16:00:00.006Z
1640217600011,0.0001,2021-12-23T00:00:00.011Z
1640246400000,0.0001,2021-12-23T08:00:00.000Z
1640275200000,0.0001,2021-12-23T16:00:00.000Z
1640304000005,0.0001,2021-12-24T00:00:00.005Z
1640332800000,0.0001,2021-12-24T08:00:00.000Z
1640361600011,0.0001,2021-12-24T16:00:00.011Z
1640390400000,0.0001,2021-12-25T00:00:00.000Z
1640419200001,0.0001,2021-12-25T08:00:00.001Z
1640448000005,0.0001,2021-12-25T16:00:00.005Z
1640476800004,0.0001,2021-12-26T00:00:00.004Z
1640505600002,0.0001,2021-12-26T08:00:00.002Z
1640534400000,0.0001,2021-12-26T16:00:00.000Z
1640563200002,0.0001,2021-12-27T00:00:00.002Z
1640592000005,0.0001,2021-12-27T08:00:00.005Z
1640620800000,0.0001,2021-12-27T16:00:00.000Z
1640649600000,0.0001,2021-12-28T00:00:00.000Z
1640678400012,0.0001,2021-12-28T08:00:00.012Z
1640707200000,0.0001,2021-12-28T16:00:00.000Z
1640736000006,0.0001,2021-12-29T00:00:00.006Z
1640764800003,0.0001,2021-12-29T08:00:00.003Z
1640793600004,0.0001,2021-12-29T16:00:00.004Z
1640822400003,0.0001,2021-12-30T00:00:00.003Z
1640851200001,0.0001,2021-12-30T08:00:00.001Z
1640880000017,0.0001,2021-12-30T16:00:00.017Z
1640908800006,0.0001,2021-12-31T00:00:00.006Z
1640937600009,0.0001,2021-12-31T08:00:00.009Z
1640966400000,0.0001,2021-12-31T16:00:00.000Z
1640995200006,0.0001,2022-01-01T00:00:00.006Z
1641024000009,0.0001,2022-01-01T08:00:00.009Z
1641052800000,0.0001,2022-01-01T16:00:00.000Z
1641081600028,9.009e-05,2022-01-02T00:00:00.028Z
1641110400000,0.0001,2022-01-02T08:00:00.000Z
1641139200000,0.0001,2022-01-02T16:00:00.000Z
1641168000010,0.0001,2022-01-03T00:00:00.010Z
1641196800013,0.0001,2022-01-03T08:00:00.013Z
1641225600018,0.0001,2022-01-03T16:00:00.018Z
1641254400000,0.0001,2022-01-04T00:00:00.000Z
1641283200010,0.0001,2022-01-04T08:00:00.010Z
1641312000002,0.0001,2022-01-04T16:00:00.002Z
1641340800001,0.0001,2022-01-05T00:00:00.001Z
1641369600017,0.0001,2022-01-05T08:00:00.017Z
1641398400000,0.0001,2022-01-05T16:00:00.000Z
1641427200002,0.0001,2022-01-06T00:00:00.002Z
1641456000021,0.0001,2022-01-06T08:00:00.021Z
1641484800006,0.0001,2022-01-06T16:00:00.006Z
1641513600005,8.745e-05,2022-01-07T00:00:00.005Z
1641542400000,0.0001,2022-01-07T08:00:00.000Z
1641571200001,0.0001,2022-01-07T16:00:00.001Z
1641600000014,0.0001,2022-01-08T00:00:00.014Z
1641628800013,0.0001,2022-01-08T08:00:00.013Z
1641657600000,0.0001,2022-01-08T16:00:00.000Z
1641686400003,0.0001,2022-01-09T00:00:00.003Z
1641715200000,0.0001,2022-01-09T08:00:00.000Z
1641744000000,0.0001,2022-01-09T16:00:00.000Z
1641772800000,5.037e-05,2022-01-10T00:00:00.000Z
1641801600010,0.0001,2022-01-10T08:00:00.010Z
1641830400007,0.0001,2022-01-10T16:00:00.007Z
1641859200013,0.0001,2022-01-11T00:00:00.013Z
1641888000004,0.0001,2022-01-11T08:00:00.004Z
1641916800000,0.0001,2022-01-11T16:00:00.000Z
1641945600012,0.0001,2022-01-12T00:00:00.012Z
1641974400015,0.0001,2022-01-12T08:00:00.015Z
1642003200000,0.0001,2022-01-12T16:00:00.000Z
1642032000007,0.0001,2022-01-13T00:00:00.007Z
1642060800000,0.0001,2022-01-13T08:00:00.000Z
1642089600014,0.0001,2022-01-13T16:00:00.014Z
1642118400000,0.0001,2022-01-14T00:00:00.000Z
1642147200006,0.0001,2022-01-14T08:00:00.006Z
1642176000014,0.0001,2022-01-14T16:00:00.014Z
1642204800000,0.0001,2022-01-15T00:00:00.000Z
1642233600002,0.0001,2022-01-15T08:00:00.002Z
1642262400000,0.0001,2022-01-15T16:00:00.000Z
1642291200000,0.0001,2022-01-16T00:00:00.000Z
1642320000017,0.0001,2022-01-16T08:00:00.017Z
1642348800011,0.0001,2022-01-16T16:00:00.011Z
1642377600005,0.0001,2022-01-17T00:00:00.005Z
1642406400006,0.0001,2022-01-17T08:00:00.006Z
1642435200012,0.0001,2022-01-17T16:00:00.012Z
1642464000020,0.0001,2022-01-18T00:00:00.020Z
1642492800000,0.0001,2022-01-18T08:00:00.000Z
1642521600013,0.0001,2022-01-18T16:00:00.013Z
1642550400001,0.0001,2022-01-19T00:00:00.001Z
1642579200000,0.0001,2022-01-19T08:00:00.000Z
1642608000000,3.694e-05,2022-01-19T16:00:00.000Z
1642636800015,0.0001,2022-01-20T00:00:00.015Z
1642665600000,0.0001,2022-01-20T08:00:00.000Z
1642694400000,0.0001,2022-01-20T16:00:00.000Z
1642723200007,6.146e-05,2022-01-21T00:00:00.007Z
1642752000015,0.0001,2022-01-21T08:00:00.015Z
1642780800000,0.0001,2022-01-21T16:00:00.000Z
1642809600017,0.0001,2022-01-22T00:00:00.017Z
1642838400003,9.607e-05,2022-01-22T08:00:00.003Z
1642867200021,1.161e-05,2022-01-22T16:00:00.021Z
1642896000026,0.0001,2022-01-23T00:00:00.026Z
1642924800010,-9e-08,2022-01-23T08:00:00.010Z
1642953600009,4.74e-05,2022-01-23T16:00:00.009Z
1642982400010,0.0001,2022-01-24T00:00:00.010Z
1643011200000,6.428e-05,2022-01-24T08:00:00.000Z
1643040000021,0.0001,2022-01-24T16:00:00.021Z
1643068800000,0.0001,2022-01-25T00:00:00.000Z
1643097600000,0.0001,2022-01-25T08:00:00.000Z
1643126400012,0.0001,2022-01-25T16:00:00.012Z
1643155200000,0.0001,2022-01-26T00:00:00.000Z
1643184000001,0.0001,2022-01-26T08:00:00.001Z
1643212800005,0.0001,2022-01-26T16:00:00.005Z
1643241600004,0.0001,2022-01-27T00:00:00.004Z
1643270400004,0.0001,2022-01-27T08:00:00.004Z
1643299200019,4.375e-05,2022-01-27T16:00:00.019Z
1643328000000,7.491e-05,2022-01-28T00:00:00.000Z
1643356800000,0.0001,2022-01-28T08:00:00.000Z
1643385600025,0.0001,2022-01-28T16:00:00.025Z
1643414400017,4.3e-06,2022-01-29T00:00:00.017Z
1643443200000,0.0001,2022-01-29T08:00:00.000Z
1643472000013,0.0001,2022-01-29T16:00:00.013Z
1643500800025,0.0001,2022-01-30T00:00:00.025Z
1643529600009,0.0001,2022-01-30T08:00:00.009Z
1643558400000,0.0001,2022-01-30T16:00:00.000Z
1643587200000,0.0001,2022-01-31T00:00:00.000Z
1643616000000,0.0001,2022-01-31T08:00:00.000Z
1643644800000,0.0001,2022-01-31T16:00:00.000Z
1643673600010,0.0001,2022-02-01T00:00:00.010Z
1643702400000,0.0001,2022-02-01T08:00:00.000Z
1643731200004,0.0001,2022-02-01T16:00:00.004Z
1643760000004,0.0001,2022-02-02T00:00:00.004Z
1643788800000,0.0001,2022-02-02T08:00:00.000Z
1643817600002,0.0001,2022-02-02T16:00:00.002Z
1643846400002,0.0001,2022-02-03T00:00:00.002Z
1643875200000,0.0001,2022-02-03T08:00:00.000Z
1643904000000,0.0001,2022-02-03T16:00:00.000Z
1643932800018,0.0001,2022-02-04T00:00:00.018Z
1643961600005,4.442e-05,2022-02-04T08:00:00.005Z
1643990400010,0.0001,2022-02-04T16:00:00.010Z
1644019200014,0.0001,2022-02-05T00:00:00.014Z
1644048000000,0.0001,2022-02-05T08:00:00.000Z
1644076800000,0.0001,2022-02-05T16:00:00.000Z
1644105600000,0.0001,2022-02-06T00:00:00.000Z
1644134400000,0.0001,2022-02-06T08:00:00.000Z
1644163200000,0.0001,2022-02-06T16:00:00.000Z
1644192000003,0.0001,2022-02-07T00:00:00.003Z
1644220800014,0.0001,2022-02-07T08:00:00.014Z
1644249600003,0.0001,2022-02-07T16:00:00.003Z
1644278400001,0.0001,2022-02-08T00:00:00.001Z
1644307200003,0.0001,2022-02-08T08:00:00.003Z
1644336000002,0.0001,2022-02-08T16:00:00.002Z
1644364800000,0.0001,2022-02-09T00:00:00.000Z
1644393600005,0.0001,2022-02-09T08:00:00.005Z
1644422400001,0.0001,2022-02-09T16:00:00.001Z
1644451200012,0.0001,2022-02-10T00:00:00.012Z
1644480000000,0.0001,2022-02-10T08:00:00.000Z
1644508800006,5.145e-05,2022-02-10T16:00:00.006Z
1644537600000,0.0001,2022-02-11T00:00:00.000Z
1644566400009,0.0001,2022-02-11T08:00:00.009Z
1644595200015,0.0001,2022-02-11T16:00:00.015Z
1644624000020,7.062e-05,2022-02-12T00:00:00.020Z
1644652800001,-2.115e-05,2022-02-12T08:00:00.001Z
1644681600007,0.0001,2022-02-12T16:00:00.007Z
1644710400022,5.944e-05,2022-02-13T00:00:00.022Z
1644739200001,-7.164e-05,2022-02-13T08:00:00.001Z
1644768000007,3.41e-05,2022-02-13T16:00:00.007Z
1644796800005,0.0001,2022-02-14T00:00:00.005Z
1644825600013,9.829e-05,2022-02-14T08:00:00.013Z
1644854400019,0.0001,2022-02-14T16:00:00.019Z
1644883200012,0.0001,2022-02-15T00:00:00.012Z
1644912000005,0.0001,2022-02-15T08:00:00.005Z
1644940800011,0.0001,2022-02-15T16:00:00.011Z
1644969600009,0.0001,2022-02-16T00:00:00.009Z
1644998400001,0.0001,2022-02-16T08:00:00.001Z
1645027200014,0.0001,2022-02-16T16:00:00.014Z
1645056000018,0.0001,2022-02-17T00:00:00.018Z
1645084800000,0.0001,2022-02-17T08:00:00.000Z
1645113600010,0.0001,2022-02-17T16:00:00.010Z
1645142400000,-4.447e-05,2022-02-18T00:00:00.000Z
1645171200002,0.0001,2022-02-18T08:00:00.002Z
1645200000000,0.0001,2022-02-18T16:00:00.000Z
1645228800007,0.0001,2022-02-19T00:00:00.007Z
1645257600000,0.0001,2022-02-19T08:00:00.000Z
1645286400023,0.0001,2022-02-19T16:00:00.023Z
1645315200001,0.0001,2022-02-20T00:00:00.001Z
1645344000003,0.0001,2022-02-20T08:00:00.003Z
1645372800001,0.0001,2022-02-20T16:00:00.001Z
1645401600000,0.0001,2022-02-21T00:00:00.000Z
1645430400001,0.0001,2022-02-21T08:00:00.001Z
1645459200005,0.0001,2022-02-21T16:00:00.005Z
1645488000005,-8.02e-06,2022-02-22T00:00:00.005Z
1645516800000,2.69e-05,2022-02-22T08:00:00.000Z
1645545600000,5.861e-05,2022-02-22T16:00:00.000Z
1645574400002,9.197e-05,2022-02-23T00:00:00.002Z
1645603200005,-3.145e-05,2022-02-23T08:00:00.005Z
1645632000010,0.0001,2022-02-23T16:00:00.010Z
1645660800008,0.0001,2022-02-24T00:00:00.008Z
1645689600003,8.762e-05,2022-02-24T08:00:00.003Z
1645718400001,7.97e-05,2022-02-24T16:00:00.001Z
1645747200000,0.0001,2022-02-25T00:00:00.000Z
1645776000006,4.179e-05,2022-02-25T08:00:00.006Z
1645804800001,0.0001,2022-02-25T16:00:00.001Z
1645833600004,0.0001,2022-02-26T00:00:00.004Z
1645862400004,0.0001,2022-02-26T08:00:00.004Z
1645891200007,0.0001,2022-02-26T16:00:00.007Z
1645920000012,9.671e-05,2022-02-27T00:00:00.012Z
1645948800000,0.0001,2022-02-27T08:00:00.000Z
1645977600000,9.591e-05,2022-02-27T16:00:00.000Z
1646006400000,0.0001,2022-02-28T00:00:00.000Z
1646035200001,-6.147e-05,2022-02-28T08:00:00.001Z
1646064000002,-9.19e-05,2022-02-28T16:00:00.002Z
1646092800002,-3.671e-05,2022-03-01T00:00:00.002Z
1646121600001,-6.513e-05,2022-03-01T08:00:00.001Z
1646150400000,3.754e-05,2022-03-01T16:00:00.000Z
1646179200000,0.0001,2022-03-02T00:00:00.000Z
1646208000000,0.0001,2022-03-02T08:00:00.000Z
1646236800002,0.0001,2022-03-02T16:00:00.002Z
1646265600000,0.0001,2022-03-03T00:00:00.000Z
1646294400000,0.0001,2022-03-03T08:00:00.000Z
1646323200005,0.0001,2022-03-03T16:00:00.005Z
1646352000018,4.835e-05,2022-03-04T00:00:00.018Z
1646380800000,3.78e-06,2022-03-04T08:00:00.000Z
1646409600000,2.087e-05,2022-03-04T16:00:00.000Z
1646438400006,5.937e-05,2022-03-05T00:00:00.006Z
1646467200004,-2.236e-05,2022-03-05T08:00:00.004Z
1646496000000,0.0001,2022-03-05T16:00:00.000Z
1646524800004,0.0001,2022-03-06T00:00:00.004Z
1646553600000,8.516e-05,2022-03-06T08:00:00.000Z
1646582400013,-3.593e-05,2022-03-06T16:00:00.013Z
1646611200008,-6.369e-05,2022-03-07T00:00:00.008Z
1646640000006,0.0001,2022-03-07T08:00:00.006Z
1646668800000,0.0001,2022-03-07T16:00:00.000Z
1646697600008,2.725e-05,2022-03-08T00:00:00.008Z
1646726400002,0.0001,2022-03-08T08:00:00.002Z
1646755200000,0.0001,2022-03-08T16:00:00.000Z
1646784000008,-8.39e-06,2022-03-09T00:00:00.008Z
1646812800000,0.0001,2022-03-09T08:00:00.000Z
1646841600004,0.0001,2022-03-09T16:00:00.004Z
1646870400000,0.0001,2022-03-10T00:00:00.000Z
1646899200017,0.0001,2022-03-10T08:00:00.017Z
1646928000000,6.571e-05,2022-03-10T16:00:00.000Z
1646956800008,0.0001,2022-03-11T00:00:00.008Z
1646985600000,6.004e-05,2022-03-11T08:00:00.000Z
1647014400001,0.0001,2022-03-11T16:00:00.001Z
1647043200010,0.0001,2022-03-12T00:00:00.010Z
1647072000001,0.0001,2022-03-12T08:00:00.001Z
1647100800002,0.0001,2022-03-12T16:00:00.002Z
1647129600008,0.0001,2022-03-13T00:00:00.008Z
1647158400000,0.0001,2022-03-13T08:00:00.000Z
1647187200002,0.0001,2022-03-13T16:00:00.002Z
1647216000014,0.0001,2022-03-14T00:00:00.014Z
1647244800005,6.911e-05,2022-03-14T08:00:00.005Z
1647273600002,0.0001,2022-03-14T16:00:00.002Z
1647302400008,0.0001,2022-03-15T00:00:00.008Z
1647331200000,-5.523e-05,2022-03-15T08:00:00.000Z
1647360000006,0.0001,2022-03-15T16:00:00.006Z
1647388800013,3.373e-05,2022-03-16T00:00:00.013Z
1647417600000,0.0001,2022-03-16T08:00:00.000Z
1647446400008,0.0001,2022-03-16T16:00:00.008Z
1647475200004,0.0001,2022-03-17T00:00:00.004Z
1647504000000,0.0001,2022-03-17T08:00:00.000Z
1647532800004,0.0001,2022-03-17T16:00:00.004Z
1647561600000,0.0001,2022-03-18T00:00:00.000Z
1647590400000,0.0001,2022-03-18T08:00:00.000Z
1647619200017,0.0001,2022-03-18T16:00:00.017Z
1647648000008,1.607e-05,2022-03-19T00:00:00.008Z
1647676800015,0.0001,2022-03-19T08:00:00.015Z
1647705600000,0.0001,2022-03-19T16:00:00.000Z
1647734400000,0.0001,2022-03-20T00:00:00.000Z
1647763200001,0.0001,2022-03-20T08:00:00.001Z
1647792000002,0.0001,2022-03-20T16:00:00.002Z
1647820800013,0.0001,2022-03-21T00:00:00.013Z
1647849600004,0.0001,2022-03-21T08:00:00.004Z
1647878400010,0.0001,2022-03-21T16:00:00.010Z
1647907200012,0.0001,2022-03-22T00:00:00.012Z
1647936000001,0.0001,2022-03-22T08:00:00.001Z
1647964800022,0.0001,2022-03-22T16:00:00.022Z
1647993600007,0.0001,2022-03-23T00:00:00.007Z
1648022400000,0.0001,2022-03-23T08:00:00.000Z
1648051200006,0.0001,2022-03-23T16:00:00.006Z
1648080000013,0.0001,2022-03-24T00:00:00.013Z
1648108800006,0.0001,2022-03-24T08:00:00.006Z
1648137600020,0.0001,2022-03-24T16:00:00.020Z
1648166400010,0.0001,2022-03-25T00:00:00.010Z
1648195200001,7.546e-05,2022-03-25T08:00:00.001Z
1648224000014,9.934e-05,2022-03-25T16:00:00.014Z
1648252800020,0.0001,2022-03-26T00:00:00.020Z
1648281600006,0.0001,2022-03-26T08:00:00.006Z
1648310400000,0.0001,2022-03-26T16:00:00.000Z
1648339200004,0.0001,2022-03-27T00:00:00.004Z
1648368000001,0.0001,2022-03-27T08:00:00.001Z
1648396800006,0.0001,2022-03-27T16:00:00.006Z
1648425600012,0.0001,2022-03-28T00:00:00.012Z
1648454400007,0.0001,2022-03-28T08:00:00.007Z
1648483200000,0.0001,2022-03-28T16:00:00.000Z
1648512000000,0.0001,2022-03-29T00:00:00.000Z
1648540800015,0.0001,2022-03-29T08:00:00.015Z
1648569600000,0.0001,2022-03-29T16:00:00.000Z
1648598400000,0.0001,2022-03-30T00:00:00.000Z
1648627200002,0.0001,2022-03-30T08:00:00.002Z
1648656000028,0.0001,2022-03-30T16:00:00.028Z
1648684800017,0.0001,2022-03-31T00:00:00.017Z
1648713600000,0.0001,2022-03-31T08:00:00.000Z
1648742400015,0.0001,2022-03-31T16:00:00.015Z
1648771200000,0.0001,2022-04-01T00:00:00.000Z
1648800000000,0.0001,2022-04-01T08:00:00.000Z
1648828800018,0.0001,2022-04-01T16:00:00.018Z
1648857600000,0.0001,2022-04-02T00:00:00.000Z
1648886400002,0.0001,2022-04-02T08:00:00.002Z
1648915200006,0.0001,2022-04-02T16:00:00.006Z
1648944000018,0.0001,2022-04-03T00:00:00.018Z
1648972800018,0.0001,2022-04-03T08:00:00.018Z
1649001600015,0.0001,2022-04-03T16:00:00.015Z
1649030400006,0.0001,2022-04-04T00:00:00.006Z
1649059200000,0.0001,2022-04-04T08:00:00.000Z
1649088000016,0.0001,2022-04-04T16:00:00.016Z
1649116800000,0.0001,2022-04-05T00:00:00.000Z
1649145600010,0.0001,2022-04-05T08:00:00.010Z
1649174400008,0.0001,2022-04-05T16:00:00.008Z
1649203200001,0.0001,2022-04-06T00:00:00.001Z
1649232000021,5.818e-05,2022-04-06T08:00:00.021Z
1649260800000,0.0001,2022-04-06T16:00:00.000Z
1649289600009,8.139e-05,2022-04-07T00:00:00.009Z
1649318400000,9.872e-05,2022-04-07T08:00:00.000Z
1649347200000,0.0001,2022-04-07T16:00:00.000Z
1649376000000,1.004e-05,2022-04-08T00:00:00.000Z
1649404800004,0.0001,2022-04-08T08:00:00.004Z
1649433600008,0.0001,2022-04-08T16:00:00.008Z
1649462400008,0.0001,2022-04-09T00:00:00.008Z
1649491200000,0.0001,2022-04-09T08:00:00.000Z
1649520000001,0.0001,2022-04-09T16:00:00.001Z
1649548800004,0.0001,2022-04-10T00:00:00.004Z
1649577600007,0.0001,2022-04-10T08:00:00.007Z
1649606400016,0.0001,2022-04-10T16:00:00.016Z
1649635200000,4.353e-05,2022-04-11T00:00:00.000Z
1649664000000,0.0001,2022-04-11T08:00:00.000Z
1649692800009,0.0001,2022-04-11T16:00:00.009Z
1649721600000,0.0001,2022-04-12T00:00:00.000Z
1649750400006,0.0001,2022-04-12T08:00:00.006Z
1649779200013,0.0001,2022-04-12T16:00:00.013Z
1649808000005,0.0001,2022-04-13T00:00:00.005Z
1649836800008,-1.64e-06,2022-04-13T08:00:00.008Z
1649865600013,8.641e-05,2022-04-13T16:00:00.013Z
1649894400007,5.595e-05,2022-04-14T00:00:00.007Z
1649923200000,0.0001,2022-04-14T08:00:00.000Z
1649952000006,0.0001,2022-04-14T16:00:00.006Z
1649980800008,8.595e-05,2022-04-15T00:00:00.008Z
1650009600002,0.0001,2022-04-15T08:00:00.002Z
1650038400000,9.42e-05,2022-04-15T16:00:00.000Z
1650067200011,5.392e-05,2022-04-16T00:00:00.011Z
1650096000007,0.0001,2022-04-16T08:00:00.007Z
1650124800007,0.0001,2022-04-16T16:00:00.007Z
1650153600000,0.0001,2022-04-17T00:00:00.000Z
1650182400004,0.0001,2022-04-17T08:00:00.004Z
1650211200000,0.0001,2022-04-17T16:00:00.000Z
1650240000008,1.207e-05,2022-04-18T00:00:00.008Z
1650268800012,9.435e-05,2022-04-18T08:00:00.012Z
1650297600000,0.0001,2022-04-18T16:00:00.000Z
1650326400021,8.943e-05,2022-04-19T00:00:00.021Z
1650355200031,0.0001,2022-04-19T08:00:00.031Z
1650384000000,0.0001,2022-04-19T16:00:00.000Z
1650412800025,0.0001,2022-04-20T00:00:00.025Z
1650441600003,0.0001,2022-04-20T08:00:00.003Z
1650470400000,0.0001,2022-04-20T16:00:00.000Z
1650499200000,0.0001,2022-04-21T00:00:00.000Z
1650528000000,0.0001,2022-04-21T08:00:00.000Z
1650556800024,0.0001,2022-04-21T16:00:00.024Z
1650585600008,0.0001,2022-04-22T00:00:00.008Z
1650614400008,0.0001,2022-04-22T08:00:00.008Z
1650643200008,0.0001,2022-04-22T16:00:00.008Z
1650672000000,0.0001,2022-04-23T00:00:00.000Z
1650700800000,0.0001,2022-04-23T08:00:00.000Z
1650729600012,0.0001,2022-04-23T16:00:00.012Z
1650758400004,0.0001,2022-04-24T00:00:00.004Z
1650787200003,0.0001,2022-04-24T08:00:00.003Z
1650816000000,-4.788e-05,2022-04-24T16:00:00.000Z
1650844800008,0.0001,2022-04-25T00:00:00.008Z
1650873600018,1.729e-05,2022-04-25T08:00:00.018Z
1650902400000,0.0001,2022-04-25T16:00:00.000Z
1650931200014,0.0001,2022-04-26T00:00:00.014Z
1650960000000,0.0001,2022-04-26T08:00:00.000Z
1650988800017,0.0001,2022-04-26T16:00:00.017Z
1651017600012,4.806e-05,2022-04-27T00:00:00.012Z
1651046400000,0.0001,2022-04-27T08:00:00.000Z
1651075200002,0.0001,2022-04-27T16:00:00.002Z
1651104000000,0.0001,2022-04-28T00:00:00.000Z
1651132800004,0.0001,2022-04-28T08:00:00.004Z
1651161600030,0.0001,2022-04-28T16:00:00.030Z
1651190400000,0.0001,2022-04-29T00:00:00.000Z
1651219200016,0.0001,2022-04-29T08:00:00.016Z
1651248000010,0.0001,2022-04-29T16:00:00.010Z
1651276800000,6.923e-05,2022-04-30T00:00:00.000Z
1651305600005,0.0001,2022-04-30T08:00:00.005Z
1651334400015,0.0001,2022-04-30T16:00:00.015Z
1651363200000,-2.305e-05,2022-05-01T00:00:00.000Z
1651392000000,-7.247e-05,2022-05-01T08:00:00.000Z
1651420800010,-1.638e-05,2022-05-01T16:00:00.010Z
1651449600018,0.0001,2022-05-02T00:00:00.018Z
1651478400007,0.0001,2022-05-02T08:00:00.007Z
1651507200000,0.0001,2022-05-02T16:00:00.000Z
1651536000006,7.407e-05,2022-05-03T00:00:00.006Z
1651564800000,7.907e-05,2022-05-03T08:00:00.000Z
1651593600021,6.623e-05,2022-05-03T16:00:00.021Z
1651622400007,0.0001,2022-05-04T00:00:00.007Z
1651651200011,0.0001,2022-05-04T08:00:00.011Z
1651680000000,7.346e-05,2022-05-04T16:00:00.000Z
1651708800005,0.0001,2022-05-05T00:00:00.005Z
1651737600019,0.0001,2022-05-05T08:00:00.019Z
1651766400005,6.723e-05,2022-05-05T16:00:00.005Z
1651795200005,4.181e-05,2022-05-06T00:00:00.005Z
1651824000001,-6.473e-05,2022-05-06T08:00:00.001Z
1651852800010,0.0001,2022-05-06T16:00:00.010Z
1651881600004,-8.646e-05,2022-05-07T00:00:00.004Z
1651910400016,-6.458e-05,2022-05-07T08:00:00.016Z
1651939200011,7.743e-05,2022-05-07T16:00:00.011Z
1651968000000,-8.041e-05,2022-05-08T00:00:00.000Z
1651996800007,2.514e-05,2022-05-08T08:00:00.007Z
1652025600015,8.297e-05,2022-05-08T16:00:00.015Z
1652054400000,-2.907e-05,2022-05-09T00:00:00.000Z
1652083200001,1e-07,2022-05-09T08:00:00.001Z
1652112000000,1.954e-05,2022-05-09T16:00:00.000Z
1652140800000,-4.906e-05,2022-05-10T00:00:00.000Z
1652169600007,0.0001,2022-05-10T08:00:00.007Z
1652198400008,0.0001,2022-05-10T16:00:00.008Z
1652227200004,0.0001,2022-05-11T00:00:00.004Z
1652256000007,2.598e-05,2022-05-11T08:00:00.007Z
1652284800008,-0.00028924,2022-05-11T16:00:00.008Z
1652313600014,-2.246e-05,2022-05-12T00:00:00.014Z
1652342400000,-0.00038566,2022-05-12T08:00:00.000Z
1652371200007,5.12e-05,2022-05-12T16:00:00.007Z
1652400000014,7.552e-05,2022-05-13T00:00:00.014Z
1652428800001,4.781e-05,2022-05-13T08:00:00.001Z
1652457600000,0.0001,2022-05-13T16:00:00.000Z
1652486400000,0.0001,2022-05-14T00:00:00.000Z
1652515200000,0.0001,2022-05-14T08:00:00.000Z
1652544000001,6.947e-05,2022-05-14T16:00:00.001Z
1652572800000,0.0001,2022-05-15T00:00:00.000Z
1652601600000,6.671e-05,2022-05-15T08:00:00.000Z
1652630400000,4.809e-05,2022-05-15T16:00:00.000Z
1652659200021,0.0001,2022-05-16T00:00:00.021Z
1652688000013,0.0001,2022-05-16T08:00:00.013Z
1652716800006,7.786e-05,2022-05-16T16:00:00.006Z
1652745600000,5.624e-05,2022-05-17T00:00:00.000Z
1652774400010,0.0001,2022-05-17T08:00:00.010Z
1652803200023,0.0001,2022-05-17T16:00:00.023Z
1652832000003,0.0001,2022-05-18T00:00:00.003Z
1652860800024,0.0001,2022-05-18T08:00:00.024Z
1652889600014,6.435e-05,2022-05-18T16:00:00.014Z
1652918400000,0.0001,2022-05-19T00:00:00.000Z
1652947200008,3.89e-06,2022-05-19T08:00:00.008Z
1652976000015,8.138e-05,2022-05-19T16:00:00.015Z
1653004800001,-7.829e-05,2022-05-20T00:00:00.001Z
1653033600003,2.94e-05,2022-05-20T08:00:00.003Z
1653062400012,7.444e-05,2022-05-20T16:00:00.012Z
1653091200008,6.124e-05,2022-05-21T00:00:00.008Z
1653120000001,-6.602e-05,2022-05-21T08:00:00.001Z
1653148800007,3.474e-05,2022-05-21T16:00:00.007Z
1653177600003,8.334e-05,2022-05-22T00:00:00.003Z
1653206400016,9.183e-05,2022-05-22T08:00:00.016Z
1653235200000,0.0001,2022-05-22T16:00:00.000Z
1653264000011,0.0001,2022-05-23T00:00:00.011Z
1653292800000,0.0001,2022-05-23T08:00:00.000Z
1653321600023,0.0001,2022-05-23T16:00:00.023Z
1653350400011,-1.474e-05,2022-05-24T00:00:00.011Z
1653379200000,-4.267e-05,2022-05-24T08:00:00.000Z
1653408000009,3.955e-05,2022-05-24T16:00:00.009Z
1653436800001,0.0001,2022-05-25T00:00:00.001Z
1653465600000,2.856e-05,2022-05-25T08:00:00.000Z
1653494400015,2.464e-05,2022-05-25T16:00:00.015Z
1653523200005,0.0001,2022-05-26T00:00:00.005Z
1653552000001,1.941e-05,2022-05-26T08:00:00.001Z
1653580800000,-2.123e-05,2022-05-26T16:00:00.000Z
1653609600007,3.405e-05,2022-05-27T00:00:00.007Z
1653638400008,-9.667e-05,2022-05-27T08:00:00.008Z
1653667200000,4.271e-05,2022-05-27T16:00:00.000Z
1653696000018,2.774e-05,2022-05-28T00:00:00.018Z
1653724800016,-4.62e-06,2022-05-28T08:00:00.016Z
1653753600013,1.884e-05,2022-05-28T16:00:00.013Z
1653782400000,-6.536e-05,2022-05-29T00:00:00.000Z
1653811200025,-0.00011129,2022-05-29T08:00:00.025Z
1653840000002,4.154e-05,2022-05-29T16:00:00.002Z
1653868800000,2.318e-05,2022-05-30T00:00:00.000Z
1653897600013,0.0001,2022-05-30T08:00:00.013Z
1653926400005,0.0001,2022-05-30T16:00:00.005Z
1653955200016,0.0001,2022-05-31T00:00:00.016Z
1653984000000,0.0001,2022-05-31T08:00:00.000Z
1654012800000,0.0001,2022-05-31T16:00:00.000Z
1654041600000,0.0001,2022-06-01T00:00:00.000Z
1654070400011,9.85e-05,2022-06-01T08:00:00.011Z
1654099200000,8.467e-05,2022-06-01T16:00:00.000Z
1654128000000,-5.105e-05,2022-06-02T00:00:00.000Z
1654156800006,7.643e-05,2022-06-02T08:00:00.006Z
1654185600021,8.9e-05,2022-06-02T16:00:00.021Z
1654214400016,8.514e-05,2022-06-03T00:00:00.016Z
1654243200016,8.76e-05,2022-06-03T08:00:00.016Z
1654272000012,-4.9e-06,2022-06-03T16:00:00.012Z
1654300800005,0.0001,2022-06-04T00:00:00.005Z
1654329600000,0.0001,2022-06-04T08:00:00.000Z
1654358400007,0.0001,2022-06-04T16:00:00.007Z
1654387200005,0.0001,2022-06-05T00:00:00.005Z
1654416000015,0.0001,2022-06-05T08:00:00.015Z
1654444800000,3.76e-05,2022-06-05T16:00:00.000Z
1654473600000,7.7e-07,2022-06-06T00:00:00.000Z
1654502400017,0.0001,2022-06-06T08:00:00.017Z
1654531200000,1.836e-05,2022-06-06T16:00:00.000Z
1654560000000,0.0001,2022-06-07T00:00:00.000Z
1654588800011,5.62e-06,2022-06-07T08:00:00.011Z
1654617600000,9.597e-05,2022-06-07T16:00:00.000Z
1654646400008,0.0001,2022-06-08T00:00:00.008Z
1654675200020,3.723e-05,2022-06-08T08:00:00.020Z
1654704000012,0.0001,2022-06-08T16:00:00.012Z
1654732800000,0.0001,2022-06-09T00:00:00.000Z
1654761600000,-2.399e-05,2022-06-09T08:00:00.000Z
1654790400000,0.0001,2022-06-09T16:00:00.000Z
1654819200009,0.0001,2022-06-10T00:00:00.009Z
1654848000000,0.0001,2022-06-10T08:00:00.000Z
1654876800006,-3.03e-05,2022-06-10T16:00:00.006Z
1654905600018,-0.00017546,2022-06-11T00:00:00.018Z
1654934400014,-3.253e-05,2022-06-11T08:00:00.014Z
1654963200000,-0.00031672,2022-06-11T16:00:00.000Z
1654992000015,-9.171e-05,2022-06-12T00:00:00.015Z
1655020800019,-5.989e-05,2022-06-12T08:00:00.019Z
1655049600010,-0.0001647,2022-06-12T16:00:00.010Z
1655078400009,-9.626e-05,2022-06-13T00:00:00.009Z
1655107200000,-0.00042157,2022-06-13T08:00:00.000Z
1655136000007,-0.00012118,2022-06-13T16:00:00.007Z
1655164800013,-4.042e-05,2022-06-14T00:00:00.013Z
1655193600008,-5.057e-05,2022-06-14T08:00:00.008Z
1655222400006,5.96e-06,2022-06-14T16:00:00.006Z
1655251200000,-0.00021277,2022-06-15T00:00:00.000Z
1655280000016,-0.00029273,2022-06-15T08:00:00.016Z
1655308800008,-0.00015649,2022-06-15T16:00:00.008Z
1655337600009,0.0001,2022-06-16T00:00:00.009Z
1655366400016,9.512e-05,2022-06-16T08:00:00.016Z
1655395200000,-3.834e-05,2022-06-16T16:00:00.000Z
1655424000008,6.926e-05,2022-06-17T00:00:00.008Z
1655452800003,7.837e-05,2022-06-17T08:00:00.003Z
1655481600000,7.736e-05,2022-06-17T16:00:00.000Z
1655510400020,7.803e-05,2022-06-18T00:00:00.020Z
1655539200025,4.639e-05,2022-06-18T08:00:00.025Z
1655568000014,2.507e-05,2022-06-18T16:00:00.014Z
1655596800012,6.756e-05,2022-06-19T00:00:00.012Z
1655625600012,9.3e-06,2022-06-19T08:00:00.012Z
1655654400008,0.0001,2022-06-19T16:00:00.008Z
1655683200016,0.0001,2022-06-20T00:00:00.016Z
1655712000000,0.0001,2022-06-20T08:00:00.000Z
1655740800013,0.0001,2022-06-20T16:00:00.013Z
1655769600012,0.0001,2022-06-21T00:00:00.012Z
1655798400018,0.0001,2022-06-21T08:00:00.018Z
1655827200010,0.0001,2022-06-21T16:00:00.010Z
1655856000000,7.41e-05,2022-06-22T00:00:00.000Z
1655884800001,0.0001,2022-06-22T08:00:00.001Z
1655913600012,1.766e-05,2022-06-22T16:00:00.012Z
1655942400000,8.976e-05,2022-06-23T00:00:00.000Z
1655971200000,-2.819e-05,2022-06-23T08:00:00.000Z
1656000000016,-0.00011669,2022-06-23T16:00:00.016Z
1656028800005,-2.471e-05,2022-06-24T00:00:00.005Z
1656057600004,2.949e-05,2022-06-24T08:00:00.004Z
1656086400018,6.508e-05,2022-06-24T16:00:00.018Z
1656115200001,-0.00010046,2022-06-25T00:00:00.001Z
1656144000010,9.999e-05,2022-06-25T08:00:00.010Z
1656172800000,6.669e-05,2022-06-25T16:00:00.000Z
1656201600002,0.0001,2022-06-26T00:00:00.002Z
1656230400016,8.74e-05,2022-06-26T08:00:00.016Z
1656259200006,0.0001,2022-06-26T16:00:00.006Z
1656288000008,-1.277e-05,2022-06-27T00:00:00.008Z
1656316800000,8.813e-05,2022-06-27T08:00:00.000Z
1656345600016,8.119e-05,2022-06-27T16:00:00.016Z
1656374400016,-3.459e-05,2022-06-28T00:00:00.016Z
1656403200001,-3.389e-05,2022-06-28T08:00:00.001Z
1656432000005,-0.00020414,2022-06-28T16:00:00.005Z
1656460800000,-0.00018631,2022-06-29T00:00:00.000Z
1656489600013,0.0001,2022-06-29T08:00:00.013Z
1656518400000,-5.695e-05,2022-06-29T16:00:00.000Z
1656547200000,-9.251e-05,2022-06-30T00:00:00.000Z
1656576000000,-7.693e-05,2022-06-30T08:00:00.000Z
1656604800000,0.0001,2022-06-30T16:00:00.000Z
1656633600001,-0.00013917,2022-07-01T00:00:00.001Z
1656662400017,5.254e-05,2022-07-01T08:00:00.017Z
1656691200005,8.595e-05,2022-07-01T16:00:00.005Z
1656720000000,0.0001,2022-07-02T00:00:00.000Z
1656748800000,0.0001,2022-07-02T08:00:00.000Z
1656777600008,8.446e-05,2022-07-02T16:00:00.008Z
1656806400015,0.0001,2022-07-03T00:00:00.015Z
1656835200004,1.918e-05,2022-07-03T08:00:00.004Z
1656864000005,1.336e-05,2022-07-03T16:00:00.005Z
1656892800021,0.0001,2022-07-04T00:00:00.021Z
1656921600001,0.0001,2022-07-04T08:00:00.001Z
1656950400000,0.0001,2022-07-04T16:00:00.000Z
1656979200000,0.0001,2022-07-05T00:00:00.000Z
1657008000000,0.0001,2022-07-05T08:00:00.000Z
1657036800015,0.0001,2022-07-05T16:00:00.015Z
1657065600006,0.0001,2022-07-06T00:00:00.006Z
1657094400000,0.0001,2022-07-06T08:00:00.000Z
1657123200000,0.0001,2022-07-06T16:00:00.000Z
1657152000010,0.0001,2022-07-07T00:00:00.010Z
1657180800010,0.0001,2022-07-07T08:00:00.010Z
1657209600011,0.0001,2022-07-07T16:00:00.011Z
1657238400008,0.0001,2022-07-08T00:00:00.008Z
1657267200009,0.0001,2022-07-08T08:00:00.009Z
1657296000000,0.0001,2022-07-08T16:00:00.000Z
1657324800000,0.0001,2022-07-09T00:00:00.000Z
1657353600000,-0.00011683,2022-07-09T08:00:00.000Z
1657382400009,-6.361e-05,2022-07-09T16:00:00.009Z
1657411200001,8.47e-06,2022-07-10T00:00:00.001Z
1657440000002,0.0001,2022-07-10T08:00:00.002Z
1657468800001,0.0001,2022-07-10T16:00:00.001Z
1657497600000,0.0001,2022-07-11T00:00:00.000Z
1657526400003,0.0001,2022-07-11T08:00:00.003Z
1657555200001,0.0001,2022-07-11T16:00:00.001Z
1657584000000,7.945e-05,2022-07-12T00:00:00.000Z
1657612800021,-0.00026016,2022-07-12T08:00:00.021Z
1657641600000,0.0001,2022-07-12T16:00:00.000Z
1657670400012,4.66e-05,2022-07-13T00:00:00.012Z
1657699200022,5.339e-05,2022-07-13T08:00:00.022Z
1657728000005,-0.00015673,2022-07-13T16:00:00.005Z
1657756800017,1.427e-05,2022-07-14T00:00:00.017Z
1657785600001,6.014e-05,2022-07-14T08:00:00.001Z
1657814400000,-0.00017988,2022-07-14T16:00:00.000Z
1657843200004,-1.904e-05,2022-07-15T00:00:00.004Z
1657872000019,6.076e-05,2022-07-15T08:00:00.019Z
1657900800017,0.0001,2022-07-15T16:00:00.017Z
1657929600021,0.0001,2022-07-16T00:00:00.021Z
1657958400014,0.0001,2022-07-16T08:00:00.014Z
1657987200005,-7.62e-06,2022-07-16T16:00:00.005Z
1658016000000,7.122e-05,2022-07-17T00:00:00.000Z
1658044800003,-4.476e-05,2022-07-17T08:00:00.003Z
1658073600007,2.55e-06,2022-07-17T16:00:00.007Z
1658102400001,0.0001,2022-07-18T00:00:00.001Z
1658131200004,0.0001,2022-07-18T08:00:00.004Z
1658160000019,0.0001,2022-07-18T16:00:00.019Z
1658188800000,1.792e-05,2022-07-19T00:00:00.000Z
1658217600000,0.0001,2022-07-19T08:00:00.000Z
1658246400001,0.0001,2022-07-19T16:00:00.001Z
1658275200004,2.704e-05,2022-07-20T00:00:00.004Z
1658304000000,0.0001,2022-07-20T08:00:00.000Z
1658332800003,5.553e-05,2022-07-20T16:00:00.003Z
1658361600000,-3.037e-05,2022-07-21T00:00:00.000Z
1658390400018,0.0001,2022-07-21T08:00:00.018Z
1658419200011,8.927e-05,2022-07-21T16:00:00.011Z
1658448000014,0.0001,2022-07-22T00:00:00.014Z
1658476800000,0.0001,2022-07-22T08:00:00.000Z
1658505600000,0.0001,2022-07-22T16:00:00.000Z
1658534400004,-0.00016266,2022-07-23T00:00:00.004Z
1658563200002,0.0001,2022-07-23T08:00:00.002Z
1658592000001,5.178e-05,2022-07-23T16:00:00.001Z
1658620800000,7.657e-05,2022-07-24T00:00:00.000Z
1658649600011,0.0001,2022-07-24T08:00:00.011Z
1658678400000,7.943e-05,2022-07-24T16:00:00.000Z
1658707200000,5.24e-05,2022-07-25T00:00:00.000Z
1658736000014,4.546e-05,2022-07-25T08:00:00.014Z
1658764800006,7.02e-06,2022-07-25T16:00:00.006Z
1658793600010,5.641e-05,2022-07-26T00:00:00.010Z
1658822400000,-0.00010197,2022-07-26T08:00:00.000Z
1658851200000,-6.722e-05,2022-07-26T16:00:00.000Z
1658880000008,-0.0002192,2022-07-27T00:00:00.008Z
1658908800000,-6.262e-05,2022-07-27T08:00:00.000Z
1658937600003,-0.00011573,2022-07-27T16:00:00.003Z
1658966400009,0.0001,2022-07-28T00:00:00.009Z
1658995200008,0.0001,2022-07-28T08:00:00.008Z
1659024000013,0.0001,2022-07-28T16:00:00.013Z
1659052800000,0.0001,2022-07-29T00:00:00.000Z
1659081600000,0.0001,2022-07-29T08:00:00.000Z
1659110400000,0.0001,2022-07-29T16:00:00.000Z
1659139200005,0.0001,2022-07-30T00:00:00.005Z
1659168000009,0.0001,2022-07-30T08:00:00.009Z
1659196800000,0.0001,2022-07-30T16:00:00.000Z
1659225600022,0.0001,2022-07-31T00:00:00.022Z
1659254400011,0.0001,2022-07-31T08:00:00.011Z
1659283200019,0.0001,2022-07-31T16:00:00.019Z
1659312000010,0.0001,2022-08-01T00:00:00.010Z
1659340800019,0.0001,2022-08-01T08:00:00.019Z
1659369600017,0.0001,2022-08-01T16:00:00.017Z
1659398400000,0.0001,2022-08-02T00:00:00.000Z
1659427200007,0.0001,2022-08-02T08:00:00.007Z
1659456000014,0.0001,2022-08-02T16:00:00.014Z
1659484800001,0.0001,2022-08-03T00:00:00.001Z
1659513600020,0.0001,2022-08-03T08:00:00.020Z
1659542400008,0.0001,2022-08-03T16:00:00.008Z
1659571200001,0.0001,2022-08-04T00:00:00.001Z
1659600000009,0.0001,2022-08-04T08:00:00.009Z
1659628800015,0.0001,2022-08-04T16:00:00.015Z
1659657600005,0.0001,2022-08-05T00:00:00.005Z
1659686400000,0.0001,2022-08-05T08:00:00.000Z
1659715200000,0.0001,2022-08-05T16:00:00.000Z
1659744000021,0.0001,2022-08-06T00:00:00.021Z
1659772800000,0.0001,2022-08-06T08:00:00.000Z
1659801600015,0.0001,2022-08-06T16:00:00.015Z
1659830400013,0.0001,2022-08-07T00:00:00.013Z
1659859200000,0.0001,2022-08-07T08:00:00.000Z
1659888000014,0.0001,2022-08-07T16:00:00.014Z
1659916800009,0.0001,2022-08-08T00:00:00.009Z
1659945600006,0.0001,2022-08-08T08:00:00.006Z
1659974400000,0.0001,2022-08-08T16:00:00.000Z
1660003200020,0.0001,2022-08-09T00:00:00.020Z
1660032000000,0.0001,2022-08-09T08:00:00.000Z
1660060800000,-9.919e-05,2022-08-09T16:00:00.000Z
1660089600000,6.717e-05,2022-08-10T00:00:00.000Z
1660118400016,6.744e-05,2022-08-10T08:00:00.016Z
1660147200018,0.0001,2022-08-10T16:00:00.018Z
1660176000012,0.0001,2022-08-11T00:00:00.012Z
1660204800000,0.0001,2022-08-11T08:00:00.000Z
1660233600000,0.0001,2022-08-11T16:00:00.000Z
1660262400006,0.0001,2022-08-12T00:00:00.006Z
1660291200000,0.0001,2022-08-12T08:00:00.000Z
1660320000005,0.0001,2022-08-12T16:00:00.005Z
1660348800012,0.0001,2022-08-13T00:00:00.012Z
1660377600006,0.0001,2022-08-13T08:00:00.006Z
1660406400018,0.0001,2022-08-13T16:00:00.018Z
1660435200000,0.0001,2022-08-14T00:00:00.000Z
1660464000000,0.0001,2022-08-14T08:00:00.000Z
1660492800000,0.0001,2022-08-14T16:00:00.000Z
1660521600010,-6.81e-06,2022-08-15T00:00:00.010Z
1660550400002,-2.125e-05,2022-08-15T08:00:00.002Z
1660579200010,6.043e-05,2022-08-15T16:00:00.010Z
1660608000010,9.943e-05,2022-08-16T00:00:00.010Z
1660636800002,0.0001,2022-08-16T08:00:00.002Z
1660665600000,9.439e-05,2022-08-16T16:00:00.000Z
1660694400020,0.0001,2022-08-17T00:00:00.020Z
1660723200016,-1.77e-06,2022-08-17T08:00:00.016Z
1660752000001,8.586e-05,2022-08-17T16:00:00.001Z
1660780800005,0.0001,2022-08-18T00:00:00.005Z
1660809600012,0.0001,2022-08-18T08:00:00.012Z
1660838400013,0.0001,2022-08-18T16:00:00.013Z
1660867200000,3.145e-05,2022-08-19T00:00:00.000Z
1660896000000,-4.192e-05,2022-08-19T08:00:00.000Z
1660924800009,-6.44e-06,2022-08-19T16:00:00.009Z
1660953600000,-9.301e-05,2022-08-20T00:00:00.000Z
1660982400005,-1.75e-05,2022-08-20T08:00:00.005Z
1661011200000,3.169e-05,2022-08-20T16:00:00.000Z
1661040000010,5.967e-05,2022-08-21T00:00:00.010Z
1661068800013,7.835e-05,2022-08-21T08:00:00.013Z
1661097600000,9.95e-05,2022-08-21T16:00:00.000Z
1661126400011,5.505e-05,2022-08-22T00:00:00.011Z
1661155200005,5.247e-05,2022-08-22T08:00:00.005Z
1661184000005,8.227e-05,2022-08-22T16:00:00.005Z
1661212800000,0.0001,2022-08-23T00:00:00.000Z
1661241600021,0.0001,2022-08-23T08:00:00.021Z
1661270400005,0.0001,2022-08-23T16:00:00.005Z
1661299200017,0.0001,2022-08-24T00:00:00.017Z
1661328000021,0.0001,2022-08-24T08:00:00.021Z
1661356800000,0.0001,2022-08-24T16:00:00.000Z
1661385600003,2.636e-05,2022-08-25T00:00:00.003Z
1661414400000,0.0001,2022-08-25T08:00:00.000Z
1661443200004,1.68e-05,2022-08-25T16:00:00.004Z
1661472000001,0.0001,2022-08-26T00:00:00.001Z
1661500800004,7.447e-05,2022-08-26T08:00:00.004Z
1661529600000,-4.13e-05,2022-08-26T16:00:00.000Z
1661558400010,-9.704e-05,2022-08-27T00:00:00.010Z
1661587200007,-0.00010114,2022-08-27T08:00:00.007Z
1661616000008,-4.17e-05,2022-08-27T16:00:00.008Z
1661644800019,-0.00029492,2022-08-28T00:00:00.019Z
1661673600000,-8.079e-05,2022-08-28T08:00:00.000Z
1661702400000,-0.00034573,2022-08-28T16:00:00.000Z
1661731200000,-0.00038287,2022-08-29T00:00:00.000Z
1661760000000,-4.641e-05,2022-08-29T08:00:00.000Z
1661788800001,2.901e-05,2022-08-29T16:00:00.001Z
1661817600001,6.099e-05,2022-08-30T00:00:00.001Z
1661846400005,-1.106e-05,2022-08-30T08:00:00.005Z
1661875200010,-4.627e-05,2022-08-30T16:00:00.010Z
1661904000000,5.272e-05,2022-08-31T00:00:00.000Z
1661932800005,0.0001,2022-08-31T08:00:00.005Z
1661961600013,-4.434e-05,2022-08-31T16:00:00.013Z
1661990400012,-4.9e-06,2022-09-01T00:00:00.012Z
1662019200000,-9.689e-05,2022-09-01T08:00:00.000Z
1662048000013,3.873e-05,2022-09-01T16:00:00.013Z
1662076800002,9.996e-05,2022-09-02T00:00:00.002Z
1662105600013,0.0001,2022-09-02T08:00:00.013Z
1662134400000,-7.29e-06,2022-09-02T16:00:00.000Z
1662163200000,-8e-08,2022-09-03T00:00:00.000Z
1662192000002,-3.147e-05,2022-09-03T08:00:00.002Z
1662220800007,-7.975e-05,2022-09-03T16:00:00.007Z
1662249600008,-5.967e-05,2022-09-04T00:00:00.008Z
1662278400009,-3.533e-05,2022-09-04T08:00:00.009Z
1662307200000,7.449e-05,2022-09-04T16:00:00.000Z
1662336000015,-1.649e-05,2022-09-05T00:00:00.015Z
1662364800013,-1.942e-05,2022-09-05T08:00:00.013Z
1662393600007,4.243e-05,2022-09-05T16:00:00.007Z
1662422400018,0.0001,2022-09-06T00:00:00.018Z
1662451200020,0.0001,2022-09-06T08:00:00.020Z
1662480000028,-3.27e-06,2022-09-06T16:00:00.028Z
1662508800013,-0.000186,2022-09-07T00:00:00.013Z
1662537600022,7.985e-05,2022-09-07T08:00:00.022Z
1662566400021,4.254e-05,2022-09-07T16:00:00.021Z
1662595200010,6.347e-05,2022-09-08T00:00:00.010Z
1662624000000,0.0001,2022-09-08T08:00:00.000Z
1662652800003,7.476e-05,2022-09-08T16:00:00.003Z
1662681600011,0.0001,2022-09-09T00:00:00.011Z
1662710400000,0.0001,2022-09-09T08:00:00.000Z
1662739200000,0.0001,2022-09-09T16:00:00.000Z
1662768000003,0.0001,2022-09-10T00:00:00.003Z
1662796800000,0.0001,2022-09-10T08:00:00.000Z
1662825600012,0.0001,2022-09-10T16:00:00.012Z
1662854400009,0.0001,2022-09-11T00:00:00.009Z
1662883200012,9.989e-05,2022-09-11T08:00:00.012Z
1662912000005,0.0001,2022-09-11T16:00:00.005Z
1662940800007,4.609e-05,2022-09-12T00:00:00.007Z
1662969600013,0.0001,2022-09-12T08:00:00.013Z
1662998400000,0.0001,2022-09-12T16:00:00.000Z
1663027200004,0.0001,2022-09-13T00:00:00.004Z
1663056000000,8.455e-05,2022-09-13T08:00:00.000Z
1663084800000,0.0001,2022-09-13T16:00:00.000Z
1663113600000,-0.00013795,2022-09-14T00:00:00.000Z
1663142400000,-3.443e-05,2022-09-14T08:00:00.000Z
1663171200000,0.0001,2022-09-14T16:00:00.000Z
1663200000019,-1.67e-06,2022-09-15T00:00:00.019Z
1663228800012,-9.598e-05,2022-09-15T08:00:00.012Z
1663257600007,-0.00016359,2022-09-15T16:00:00.007Z
1663286400000,-1.72e-05,2022-09-16T00:00:00.000Z
1663315200000,7.123e-05,2022-09-16T08:00:00.000Z
1663344000000,-5.529e-05,2022-09-16T16:00:00.000Z
1663372800000,8.039e-05,2022-09-17T00:00:00.000Z
1663401600012,-2.673e-05,2022-09-17T08:00:00.012Z
1663430400017,0.0001,2022-09-17T16:00:00.017Z
1663459200000,3.824e-05,2022-09-18T00:00:00.000Z
1663488000004,4.878e-05,2022-09-18T08:00:00.004Z
1663516800000,-9.82e-05,2022-09-18T16:00:00.000Z
1663545600018,-0.00015088,2022-09-19T00:00:00.018Z
1663574400006,-3.094e-05,2022-09-19T08:00:00.006Z
1663603200010,4.488e-05,2022-09-19T16:00:00.010Z
1663632000007,-0.00011755,2022-09-20T00:00:00.007Z
1663660800001,4.022e-05,2022-09-20T08:00:00.001Z
1663689600000,9.821e-05,2022-09-20T16:00:00.000Z
1663718400001,4.119e-05,2022-09-21T00:00:00.001Z
1663747200005,-0.00012223,2022-09-21T08:00:00.005Z
1663776000000,3.883e-05,2022-09-21T16:00:00.000Z
1663804800000,-0.000223,2022-09-22T00:00:00.000Z
1663833600000,6.275e-05,2022-09-22T08:00:00.000Z
1663862400011,0.0001,2022-09-22T16:00:00.011Z
1663891200023,2.548e-05,2022-09-23T00:00:00.023Z
1663920000004,0.0001,2022-09-23T08:00:00.004Z
1663948800005,0.0001,2022-09-23T16:00:00.005Z
1663977600000,0.0001,2022-09-24T00:00:00.000Z
1664006400005,0.0001,2022-09-24T08:00:00.005Z
1664035200000,0.0001,2022-09-24T16:00:00.000Z
1664064000010,7.008e-05,2022-09-25T00:00:00.010Z
1664092800000,0.0001,2022-09-25T08:00:00.000Z
1664121600003,0.0001,2022-09-25T16:00:00.003Z
1664150400001,7.936e-05,2022-09-26T00:00:00.001Z
1664179200006,9.69e-05,2022-09-26T08:00:00.006Z
1664208000000,0.0001,2022-09-26T16:00:00.000Z
1664236800026,0.0001,2022-09-27T00:00:00.026Z
1664265600004,-0.00012474,2022-09-27T08:00:00.004Z
1664294400006,0.0001,2022-09-27T16:00:00.006Z
1664323200011,9.307e-05,2022-09-28T00:00:00.011Z
1664352000000,0.0001,2022-09-28T08:00:00.000Z
1664380800000,0.0001,2022-09-28T16:00:00.000Z
1664409600010,0.0001,2022-09-29T00:00:00.010Z
1664438400000,6.067e-05,2022-09-29T08:00:00.000Z
1664467200000,0.0001,2022-09-29T16:00:00.000Z
1664496000006,0.0001,2022-09-30T00:00:00.006Z
1664524800002,7.624e-05,2022-09-30T08:00:00.002Z
1664553600007,2.561e-05,2022-09-30T16:00:00.007Z
1664582400008,1.852e-05,2022-10-01T00:00:00.008Z
1664611200011,0.0001,2022-10-01T08:00:00.011Z
1664640000000,0.0001,2022-10-01T16:00:00.000Z
1664668800000,0.0001,2022-10-02T00:00:00.000Z
1664697600000,0.0001,2022-10-02T08:00:00.000Z
1664726400006,0.0001,2022-10-02T16:00:00.006Z
1664755200000,1.093e-05,2022-10-03T00:00:00.000Z
1664784000014,0.0001,2022-10-03T08:00:00.014Z
1664812800010,0.0001,2022-10-03T16:00:00.010Z
1664841600006,0.0001,2022-10-04T00:00:00.006Z
1664870400004,0.0001,2022-10-04T08:00:00.004Z
1664899200013,3.849e-05,2022-10-04T16:00:00.013Z
1664928000000,3.503e-05,2022-10-05T00:00:00.000Z
1664956800000,8.223e-05,2022-10-05T08:00:00.000Z
1664985600012,0.0001,2022-10-05T16:00:00.012Z
1665014400008,0.0001,2022-10-06T00:00:00.008Z
1665043200002,7.723e-05,2022-10-06T08:00:00.002Z
1665072000006,5.098e-05,2022-10-06T16:00:00.006Z
1665100800000,7.983e-05,2022-10-07T00:00:00.000Z
1665129600000,8.743e-05,2022-10-07T08:00:00.000Z
1665158400007,0.0001,2022-10-07T16:00:00.007Z
1665187200010,0.0001,2022-10-08T00:00:00.010Z
1665216000004,0.0001,2022-10-08T08:00:00.004Z
1665244800018,0.0001,2022-10-08T16:00:00.018Z
1665273600000,0.0001,2022-10-09T00:00:00.000Z
1665302400007,0.0001,2022-10-09T08:00:00.007Z
1665331200011,0.0001,2022-10-09T16:00:00.011Z
1665360000018,0.0001,2022-10-10T00:00:00.018Z
1665388800000,0.0001,2022-10-10T08:00:00.000Z
1665417600026,0.0001,2022-10-10T16:00:00.026Z
1665446400020,0.0001,2022-10-11T00:00:00.020Z
1665475200027,0.0001,2022-10-11T08:00:00.027Z
1665504000000,0.0001,2022-10-11T16:00:00.000Z
1665532800014,0.0001,2022-10-12T00:00:00.014Z
1665561600000,2.317e-05,2022-10-12T08:00:00.000Z
1665590400000,0.0001,2022-10-12T16:00:00.000Z
1665619200013,0.0001,2022-10-13T00:00:00.013Z
1665648000016,-5.61e-06,2022-10-13T08:00:00.016Z
1665676800009,-0.00010577,2022-10-13T16:00:00.009Z
1665705600020,-1.986e-05,2022-10-14T00:00:00.020Z
1665734400000,0.0001,2022-10-14T08:00:00.000Z
1665763200009,-8.174e-05,2022-10-14T16:00:00.009Z
1665792000001,0.0001,2022-10-15T00:00:00.001Z
1665820800005,3.59e-05,2022-10-15T08:00:00.005Z
1665849600004,2.251e-05,2022-10-15T16:00:00.004Z
1665878400012,9.716e-05,2022-10-16T00:00:00.012Z
1665907200000,-0.00010087,2022-10-16T08:00:00.000Z
1665936000010,-7.46e-05,2022-10-16T16:00:00.010Z
1665964800012,-7.971e-05,2022-10-17T00:00:00.012Z
1665993600010,5.069e-05,2022-10-17T08:00:00.010Z
1666022400017,2.345e-05,2022-10-17T16:00:00.017Z
1666051200010,6.344e-05,2022-10-18T00:00:00.010Z
1666080000008,-1.478e-05,2022-10-18T08:00:00.008Z
1666108800000,2.879e-05,2022-10-18T16:00:00.000Z
1666137600007,0.0001,2022-10-19T00:00:00.007Z
1666166400022,3.462e-05,2022-10-19T08:00:00.022Z
1666195200016,0.0001,2022-10-19T16:00:00.016Z
1666224000000,7.09e-05,2022-10-20T00:00:00.000Z
1666252800013,0.0001,2022-10-20T08:00:00.013Z
1666281600000,-6.07e-05,2022-10-20T16:00:00.000Z
1666310400005,-3.233e-05,2022-10-21T00:00:00.005Z
1666339200018,5.072e-05,2022-10-21T08:00:00.018Z
1666368000000,0.0001,2022-10-21T16:00:00.000Z
1666396800000,2.692e-05,2022-10-22T00:00:00.000Z
1666425600015,-7.77e-05,2022-10-22T08:00:00.015Z
1666454400000,-6.308e-05,2022-10-22T16:00:00.000Z
1666483200025,8.129e-05,2022-10-23T00:00:00.025Z
1666512000000,2.673e-05,2022-10-23T08:00:00.000Z
1666540800004,-8.979e-05,2022-10-23T16:00:00.004Z
1666569600009,4.412e-05,2022-10-24T00:00:00.009Z
1666598400012,0.0001,2022-10-24T08:00:00.012Z
1666627200002,0.0001,2022-10-24T16:00:00.002Z
1666656000013,5.493e-05,2022-10-25T00:00:00.013Z
1666684800013,3.02e-05,2022-10-25T08:00:00.013Z
1666713600000,0.0001,2022-10-25T16:00:00.000Z
1666742400006,0.0001,2022-10-26T00:00:00.006Z
1666771200013,7.568e-05,2022-10-26T08:00:00.013Z
1666800000000,4.278e-05,2022-10-26T16:00:00.000Z
1666828800009,0.0001,2022-10-27T00:00:00.009Z
1666857600006,6.303e-05,2022-10-27T08:00:00.006Z
1666886400009,0.0001,2022-10-27T16:00:00.009Z
1666915200000,0.0001,2022-10-28T00:00:00.000Z
1666944000000,0.0001,2022-10-28T08:00:00.000Z
1666972800007,0.0001,2022-10-28T16:00:00.007Z
1667001600000,0.0001,2022-10-29T00:00:00.000Z
1667030400003,3.045e-05,2022-10-29T08:00:00.003Z
1667059200010,0.0001,2022-10-29T16:00:00.010Z
1667088000000,0.0001,2022-10-30T00:00:00.000Z
1667116800013,0.0001,2022-10-30T08:00:00.013Z
1667145600009,0.0001,2022-10-30T16:00:00.009Z
1667174400012,0.0001,2022-10-31T00:00:00.012Z
1667203200000,0.0001,2022-10-31T08:00:00.000Z
1667232000010,5.075e-05,2022-10-31T16:00:00.010Z
1667260800000,9.495e-05,2022-11-01T00:00:00.000Z
1667289600000,0.0001,2022-11-01T08:00:00.000Z
1667318400000,0.0001,2022-11-01T16:00:00.000Z
1667347200000,0.0001,2022-11-02T00:00:00.000Z
1667376000000,-3.09e-06,2022-11-02T08:00:00.000Z
1667404800019,7.12e-06,2022-11-02T16:00:00.019Z
1667433600011,0.0001,2022-11-03T00:00:00.011Z
1667462400016,0.0001,2022-11-03T08:00:00.016Z
1667491200005,0.0001,2022-11-03T16:00:00.005Z
1667520000000,3.135e-05,2022-11-04T00:00:00.000Z
1667548800004,0.0001,2022-11-04T08:00:00.004Z
1667577600020,0.0001,2022-11-04T16:00:00.020Z
1667606400009,0.0001,2022-11-05T00:00:00.009Z
1667635200007,0.0001,2022-11-05T08:00:00.007Z
1667664000018,0.0001,2022-11-05T16:00:00.018Z
1667692800009,9.05e-05,2022-11-06T00:00:00.009Z
1667721600000,0.0001,2022-11-06T08:00:00.000Z
1667750400010,0.0001,2022-11-06T16:00:00.010Z
1667779200012,6.995e-05,2022-11-07T00:00:00.012Z
1667808000014,0.0001,2022-11-07T08:00:00.014Z
1667836800006,0.0001,2022-11-07T16:00:00.006Z
1667865600000,4.438e-05,2022-11-08T00:00:00.000Z
1667894400001,-0.00011773,2022-11-08T08:00:00.001Z
1667923200005,9.347e-05,2022-11-08T16:00:00.005Z
1667952000000,-9.284e-05,2022-11-09T00:00:00.000Z
1667980800013,0.0001,2022-11-09T08:00:00.013Z
1668009600004,-0.00013788,2022-11-09T16:00:00.004Z
1668038400006,-0.00021266,2022-11-10T00:00:00.006Z
1668067200000,-0.00032756,2022-11-10T08:00:00.000Z
1668096000015,3.686e-05,2022-11-10T16:00:00.015Z
1668124800000,8.335e-05,2022-11-11T00:00:00.000Z
1668153600015,5.665e-05,2022-11-11T08:00:00.015Z
1668182400027,0.0001,2022-11-11T16:00:00.027Z
1668211200007,0.0001,2022-11-12T00:00:00.007Z
1668240000016,-0.00019706,2022-11-12T08:00:00.016Z
1668268800000,0.0001,2022-11-12T16:00:00.000Z
1668297600004,4.609e-05,2022-11-13T00:00:00.004Z
